-- MySQL dump 10.13  Distrib 8.0.38, for Win64 (x86_64)
--
-- Host: 127.0.0.1    Database: library_management
-- ------------------------------------------------------
-- Server version	9.0.1

/*!40101 SET @OLD_CHARACTER_SET_CLIENT=@@CHARACTER_SET_CLIENT */;
/*!40101 SET @OLD_CHARACTER_SET_RESULTS=@@CHARACTER_SET_RESULTS */;
/*!40101 SET @OLD_COLLATION_CONNECTION=@@COLLATION_CONNECTION */;
/*!50503 SET NAMES utf8 */;
/*!40103 SET @OLD_TIME_ZONE=@@TIME_ZONE */;
/*!40103 SET TIME_ZONE='+00:00' */;
/*!40014 SET @OLD_UNIQUE_CHECKS=@@UNIQUE_CHECKS, UNIQUE_CHECKS=0 */;
/*!40014 SET @OLD_FOREIGN_KEY_CHECKS=@@FOREIGN_KEY_CHECKS, FOREIGN_KEY_CHECKS=0 */;
/*!40101 SET @OLD_SQL_MODE=@@SQL_MODE, SQL_MODE='NO_AUTO_VALUE_ON_ZERO' */;
/*!40111 SET @OLD_SQL_NOTES=@@SQL_NOTES, SQL_NOTES=0 */;

--
-- Table structure for table `book`
--

DROP TABLE IF EXISTS `book`;
/*!40101 SET @saved_cs_client     = @@character_set_client */;
/*!50503 SET character_set_client = utf8mb4 */;
CREATE TABLE `book` (
  `book_id` int NOT NULL AUTO_INCREMENT,
  `author` varchar(255) DEFAULT NULL,
  `isbn` varchar(255) DEFAULT NULL,
  `status` varchar(255) DEFAULT NULL,
  `title` varchar(255) DEFAULT NULL,
  `total_copies` int DEFAULT NULL,
  `category_id` varchar(255) DEFAULT NULL,
  `publisher_id` varchar(255) DEFAULT NULL,
  `image` varchar(255) DEFAULT NULL,
  `available_copies` int DEFAULT NULL,
  `borrowed_copies` int DEFAULT NULL,
  `pdf_path` varchar(255) DEFAULT NULL,
  `preview_pages` int DEFAULT NULL,
  PRIMARY KEY (`book_id`),
  KEY `FKa58ia1r4ptov8h8agr0itfo67` (`category_id`),
  KEY `FKtf8snvmfw8ixn04kp8a5fhain` (`publisher_id`),
  CONSTRAINT `FKa58ia1r4ptov8h8agr0itfo67` FOREIGN KEY (`category_id`) REFERENCES `category` (`category_id`),
  CONSTRAINT `FKtf8snvmfw8ixn04kp8a5fhain` FOREIGN KEY (`publisher_id`) REFERENCES `publisher` (`publisher_id`)
) ENGINE=InnoDB AUTO_INCREMENT=357 DEFAULT CHARSET=utf8mb4 COLLATE=utf8mb4_0900_ai_ci;
/*!40101 SET character_set_client = @saved_cs_client */;

--
-- Dumping data for table `book`
--

LOCK TABLES `book` WRITE;
/*!40000 ALTER TABLE `book` DISABLE KEYS */;
INSERT INTO `book` VALUES (207,'Donna Denomme',NULL,'AVAILABLE','Trí Tuệ Loài Rùa',3,'TLH','nxbtd','https://res.cloudinary.com/dnfjtrg5p/image/upload/v1767167102/library/images/jfo8jzfomxmfjlizwpxe.png',3,0,'uploads\\pdf\\7549e8d9-f653-483d-97f0-077a5a246b5b_Trí Tuệ Loài Rùa - Donna Denomme.pdf',10),(208,'Donna Denomme',NULL,'AVAILABLE','Trí Tuệ Loài Rùa',3,'TLH','nxbtd','https://res.cloudinary.com/dnfjtrg5p/image/upload/v1767183145/library/images/whmruh82nztxd9zlivr6.png',3,0,'uploads\\pdf\\07e37497-2f3a-4c09-b334-a46d5f18b7e3_Trí Tuệ Loài Rùa - Donna Denomme.pdf',10),(209,'Donna Denomme',NULL,'AVAILABLE','Trí Tuệ Loài Rùa',3,'TLH','nxbtd','https://res.cloudinary.com/dnfjtrg5p/image/upload/v1767183149/library/images/cpc6nqsp9pu1gl2xgoei.png',3,0,'uploads\\pdf\\43a21cf5-51d2-4ad8-8634-9a2618ca1d11_Trí Tuệ Loài Rùa - Donna Denomme.pdf',10),(210,'Nguyễn Thơ Sinh',NULL,'AVAILABLE','Các Học Thuyết Tâm Lý Nhân Cách',3,'TLH','nxbldxh','https://res.cloudinary.com/dnfjtrg5p/image/upload/v1767184610/library/images/emcrukjbacvhls7xzcg1.png',3,0,'uploads\\pdf\\d827db23-d7fe-4578-859b-aa2e101b26a8_Các Học Thuyết Tâm Lý Nhân Cách - Nguyễn Thơ Sinh.pdf',10),(211,'Nguyễn Thơ Sinh',NULL,'AVAILABLE','Các Học Thuyết Tâm Lý Nhân Cách',3,'TLH','nxbldxh','https://res.cloudinary.com/dnfjtrg5p/image/upload/v1767184614/library/images/vcm5lwrxa4zfpl1gfnw9.png',3,0,'uploads\\pdf\\061264c5-24b2-4fe1-88d5-2f5ccecd8727_Các Học Thuyết Tâm Lý Nhân Cách - Nguyễn Thơ Sinh.pdf',10),(212,'Nguyễn Thơ Sinh',NULL,'AVAILABLE','Các Học Thuyết Tâm Lý Nhân Cách',3,'TLH','nxbldxh','https://res.cloudinary.com/dnfjtrg5p/image/upload/v1767184618/library/images/azi5smfg5tyq2dkuaowy.png',3,0,'uploads\\pdf\\c8f52202-40d0-4f8e-9194-c80989971b4e_Các Học Thuyết Tâm Lý Nhân Cách - Nguyễn Thơ Sinh.pdf',10),(213,'Đông Tử',NULL,'AVAILABLE','Cùng Con Trưởng Thành',3,'TLH','nxbvn','https://res.cloudinary.com/dnfjtrg5p/image/upload/v1767184671/library/images/hcvbfzgigfkr8ysai0wb.png',3,0,'uploads\\pdf\\735d8cb1-6dbb-425a-afb1-23a0171fa1c3_Cùng Con Trưởng Thành - Đông Tử.pdf',10),(214,'Đông Tử',NULL,'AVAILABLE','Cùng Con Trưởng Thành',3,'TLH','nxbvn','https://res.cloudinary.com/dnfjtrg5p/image/upload/v1767184675/library/images/fkvynt7bxjt4ph89fzm4.png',3,0,'uploads\\pdf\\aca8c3ec-376c-4ad7-8879-c8d31058ba90_Cùng Con Trưởng Thành - Đông Tử.pdf',10),(215,'Đông Tử',NULL,'AVAILABLE','Cùng Con Trưởng Thành',3,'TLH','nxbvn','https://res.cloudinary.com/dnfjtrg5p/image/upload/v1767184680/library/images/smwkuwyxrbpraiudtl9c.png',3,0,'uploads\\pdf\\b9754f3a-d40f-4f87-8c54-e8c54c51a010_Cùng Con Trưởng Thành - Đông Tử.pdf',10),(216,'Florence Littauer',NULL,'AVAILABLE','Dám Ước Mơ',3,'TLH','nxbth','https://res.cloudinary.com/dnfjtrg5p/image/upload/v1767185019/library/images/rb1ci3tlr9dgxgzevdd7.png',3,0,'uploads\\pdf\\bd79e8cf-0aae-4497-8ade-451845ffb0e3_Dám Ước Mơ - Florence Littauer.pdf',10),(217,'Florence Littauer',NULL,'AVAILABLE','Dám Ước Mơ',3,'TLH','nxbth','https://res.cloudinary.com/dnfjtrg5p/image/upload/v1767185023/library/images/xtwy0wyd4rxhbk89kluj.png',3,0,'uploads\\pdf\\8042b9f6-b3f7-405f-9d7f-1f39358e5c59_Dám Ước Mơ - Florence Littauer.pdf',10),(218,'Florence Littauer',NULL,'AVAILABLE','Dám Ước Mơ',3,'TLH','nxbth','https://res.cloudinary.com/dnfjtrg5p/image/upload/v1767185026/library/images/y8nlv7na6gciimwodmsw.png',3,0,'uploads\\pdf\\c79b839e-d1c9-4696-b6d6-670def65cd3d_Dám Ước Mơ - Florence Littauer.pdf',10),(222,'Michael Lewis',NULL,'AVAILABLE','Logic Của Tâm Trí',3,'TLH','nxbtg','https://res.cloudinary.com/dnfjtrg5p/image/upload/v1767186282/library/images/s86bzbzw4usiaub93dtq.png',3,0,'uploads\\pdf\\6eb4a10b-de24-49dc-82f0-a4da81711670_Logic Của Tâm Trí - Michael Lewis.pdf',10),(223,'Michael Lewis',NULL,'AVAILABLE','Logic Của Tâm Trí',3,'TLH','nxbtg','https://res.cloudinary.com/dnfjtrg5p/image/upload/v1767186286/library/images/crahntckbjxzqtj3sbli.png',3,0,'uploads\\pdf\\1cc233d2-d94f-454e-8239-ae92f2a6d62b_Logic Của Tâm Trí - Michael Lewis.pdf',10),(224,'Michael Lewis',NULL,'AVAILABLE','Logic Của Tâm Trí',3,'TLH','nxbtg','https://res.cloudinary.com/dnfjtrg5p/image/upload/v1767186291/library/images/jtsm6ja6ixf88czvdcqs.png',3,0,'uploads\\pdf\\69d8127e-7a6a-4c96-81fd-a8545ee7f441_Logic Của Tâm Trí - Michael Lewis.pdf',10),(225,'Carl Gustav Jung',NULL,'AVAILABLE','Thăm Dò Tiềm Thức',3,'TLH','nxbtt','https://res.cloudinary.com/dnfjtrg5p/image/upload/v1767186373/library/images/t8xwht662klryzjho4zp.png',3,0,'uploads\\pdf\\dfcf1450-dc7f-480d-8d73-59c7d2c487cc_Thăm Dò Tiềm Thức - Carl Gustav Jung.pdf',10),(226,'Carl Gustav Jung',NULL,'AVAILABLE','Thăm Dò Tiềm Thức',3,'TLH','nxbtt','https://res.cloudinary.com/dnfjtrg5p/image/upload/v1767186377/library/images/yoqkeolxocdramudiwrk.png',3,0,'uploads\\pdf\\5a564741-b620-4ae3-8d99-bdfd3abe60ac_Thăm Dò Tiềm Thức - Carl Gustav Jung.pdf',10),(227,'Carl Gustav Jung',NULL,'AVAILABLE','Thăm Dò Tiềm Thức',3,'TLH','nxbtt','https://res.cloudinary.com/dnfjtrg5p/image/upload/v1767186381/library/images/b5lle7ahjvd5voa96ihu.png',3,0,'uploads\\pdf\\5acc0d3f-ab4c-4e9c-a28e-f74ebf98a3bf_Thăm Dò Tiềm Thức - Carl Gustav Jung.pdf',10),(228,'Atul Gawande',NULL,'AVAILABLE','Ai Rồi Cũng Chết',3,'TLH','nxbtttt','https://res.cloudinary.com/dnfjtrg5p/image/upload/v1767186644/library/images/y8wg56f9onv0457zs93f.png',3,0,'uploads\\pdf\\b24840a0-4241-44c5-b8f6-e213b3c87232_Ai Rồi Cũng Chết - Atul Gawande.pdf',10),(229,'Atul Gawande',NULL,'AVAILABLE','Ai Rồi Cũng Chết',3,'TLH','nxbtttt','https://res.cloudinary.com/dnfjtrg5p/image/upload/v1767186648/library/images/tf8jaawkmpujs709dprv.png',3,0,'uploads\\pdf\\b1262fb9-6f13-4dc0-8398-c2237424b6ed_Ai Rồi Cũng Chết - Atul Gawande.pdf',10),(230,'Atul Gawande',NULL,'AVAILABLE','Ai Rồi Cũng Chết',3,'TLH','nxbtttt','https://res.cloudinary.com/dnfjtrg5p/image/upload/v1767186652/library/images/xekk0w8gqjbmvdg80yzj.png',3,0,'uploads\\pdf\\08506ea6-0256-42f4-81bf-57d3783bde10_Ai Rồi Cũng Chết - Atul Gawande.pdf',10),(231,'Stephen R. Covey',NULL,'AVAILABLE','7 Thói Quen Để Thành Đạt',3,'PTBT','nxbtre','https://res.cloudinary.com/dnfjtrg5p/image/upload/v1767186769/library/images/qsvcgbadk3rhjiqwdual.png',3,0,'uploads\\pdf\\a8b07d64-493b-4b23-aa6b-303c774a89c0_7 Thói Quen Để Thành Đạt - Stephen R. Covey.pdf',10),(232,'Stephen R. Covey',NULL,'AVAILABLE','7 Thói Quen Để Thành Đạt',3,'PTBT','nxbtre','https://res.cloudinary.com/dnfjtrg5p/image/upload/v1767186774/library/images/vove22tqdg23l1jehb1h.png',3,0,'uploads\\pdf\\53759f95-67f1-4481-9f16-02b2c139c659_7 Thói Quen Để Thành Đạt - Stephen R. Covey.pdf',10),(233,'Stephen R. Covey',NULL,'AVAILABLE','7 Thói Quen Để Thành Đạt',3,'PTBT','nxbtre','https://res.cloudinary.com/dnfjtrg5p/image/upload/v1767186778/library/images/hjgxfn2abgulp9trhj6n.png',3,0,'uploads\\pdf\\ff9f9cd9-075f-4ece-a6e8-9c2367b49022_7 Thói Quen Để Thành Đạt - Stephen R. Covey.pdf',10),(234,'Jocelyn K. Glei',NULL,'AVAILABLE','Tối Đa Hoá Năng Lực Bản Thân',3,'PTBT','nxbldxh','https://res.cloudinary.com/dnfjtrg5p/image/upload/v1767186882/library/images/qrkzeu1acsz569z1c8nm.png',3,0,'uploads\\pdf\\b833820f-0c65-4482-91fe-1239d1c97046_Tối Đa Hoá Năng Lực Bản Thân - Jocelyn K. Glei.pdf',10),(235,'Jocelyn K. Glei',NULL,'AVAILABLE','Tối Đa Hoá Năng Lực Bản Thân',3,'PTBT','nxbldxh','https://res.cloudinary.com/dnfjtrg5p/image/upload/v1767186885/library/images/tbbc9thinh8fzullfupe.png',3,0,'uploads\\pdf\\ec8b9ee8-9621-48a5-8cc8-23b73b2edc89_Tối Đa Hoá Năng Lực Bản Thân - Jocelyn K. Glei.pdf',10),(236,'Jocelyn K. Glei',NULL,'AVAILABLE','Tối Đa Hoá Năng Lực Bản Thân',3,'PTBT','nxbldxh','https://res.cloudinary.com/dnfjtrg5p/image/upload/v1767186889/library/images/vcnzn7p6emfgjjhpwbs5.png',3,0,'uploads\\pdf\\4b1520ea-a6c6-45f9-b67e-9f2772953ed2_Tối Đa Hoá Năng Lực Bản Thân - Jocelyn K. Glei.pdf',10),(237,'Roise Nguyễn',NULL,'AVAILABLE','Tuổi Trẻ Đáng Giá Bao Nhiêu',3,'PTBT','nxbvn','https://res.cloudinary.com/dnfjtrg5p/image/upload/v1767186991/library/images/e88zvsztvc2aax4wvehx.png',3,0,'uploads\\pdf\\1a1dfb07-a8ba-4b60-acd2-897c8ae10742_Tuổi Trẻ Đáng Giá Bao Nhiêu - Rosie Nguyễn.pdf',10),(238,'Roise Nguyễn',NULL,'AVAILABLE','Tuổi Trẻ Đáng Giá Bao Nhiêu',3,'PTBT','nxbvn','https://res.cloudinary.com/dnfjtrg5p/image/upload/v1767186995/library/images/ebzutmfw2xyzwypbxgqf.png',3,0,'uploads\\pdf\\bef03f59-8e54-4200-87b3-45ddf84ca6cc_Tuổi Trẻ Đáng Giá Bao Nhiêu - Rosie Nguyễn.pdf',10),(239,'Roise Nguyễn',NULL,'AVAILABLE','Tuổi Trẻ Đáng Giá Bao Nhiêu',3,'PTBT','nxbvn','https://res.cloudinary.com/dnfjtrg5p/image/upload/v1767187000/library/images/ljyui9eckm0gavdjcnwa.png',3,0,'uploads\\pdf\\bd627095-5ba4-44d9-858e-b6d38c14b9d6_Tuổi Trẻ Đáng Giá Bao Nhiêu - Rosie Nguyễn.pdf',10),(240,'Sasaki Fumio',NULL,'AVAILABLE','Lối Sống Tối Giản Của Người Nhật',3,'PTBT','nxbldxh','https://res.cloudinary.com/dnfjtrg5p/image/upload/v1767187755/library/images/bgbz4hsurliybrcwnwga.png',3,0,'uploads\\pdf\\302701ce-447b-44d1-8a9b-d9b3c610a8e9_Lối Sống Tối Giản Của Người Nhật - Sasaki Fumio.pdf',10),(241,'Sasaki Fumio',NULL,'AVAILABLE','Lối Sống Tối Giản Của Người Nhật',3,'PTBT','nxbldxh','https://res.cloudinary.com/dnfjtrg5p/image/upload/v1767187758/library/images/tkhz4hszgwylvyecimhx.png',3,0,'uploads\\pdf\\6b835b5d-e56d-4556-95bc-f5c45e4e6207_Lối Sống Tối Giản Của Người Nhật - Sasaki Fumio.pdf',10),(242,'Sasaki Fumio',NULL,'AVAILABLE','Lối Sống Tối Giản Của Người Nhật',3,'PTBT','nxbldxh','https://res.cloudinary.com/dnfjtrg5p/image/upload/v1767187762/library/images/qkc6rocpfkvzg3mvfmqd.png',3,0,'uploads\\pdf\\52dda00f-d636-48b0-ac50-0128dfa51886_Lối Sống Tối Giản Của Người Nhật - Sasaki Fumio.pdf',10),(243,'Vương Trung Hiếu',NULL,'AVAILABLE','Để Có Trí Nhớ Tốt',3,'PTBT','nxbdn','https://res.cloudinary.com/dnfjtrg5p/image/upload/v1767188100/library/images/drleutkn98n476caqpef.png',3,0,'uploads\\pdf\\3a63e5f7-2a4a-4993-be81-e767164b42b1_Để Có Trí Nhớ Tốt - Vương Trung Hiếu.pdf',10),(244,'Vương Trung Hiếu',NULL,'AVAILABLE','Để Có Trí Nhớ Tốt',3,'PTBT','nxbdn','https://res.cloudinary.com/dnfjtrg5p/image/upload/v1767188105/library/images/cs3ve6mjh2sz2gqljbid.png',3,0,'uploads\\pdf\\fc81b319-1325-4b9d-92f2-2ffb84539c1c_Để Có Trí Nhớ Tốt - Vương Trung Hiếu.pdf',10),(245,'Vương Trung Hiếu',NULL,'AVAILABLE','Để Có Trí Nhớ Tốt',3,'PTBT','nxbdn','https://res.cloudinary.com/dnfjtrg5p/image/upload/v1767188109/library/images/dggiocrjjoyifze5yeya.png',3,0,'uploads\\pdf\\c3660a7c-96d9-47e2-9974-364d6031a6f1_Để Có Trí Nhớ Tốt - Vương Trung Hiếu.pdf',10),(246,'Francis Xavier',NULL,'AVAILABLE','Bài Học Vô Giá Từ Những Điều Bình Dị',3,'PTBT','nxbth','https://res.cloudinary.com/dnfjtrg5p/image/upload/v1767188514/library/images/l6ebtpf30n7j8r4m6rjl.png',3,0,'uploads\\pdf\\f1f1f192-e007-42a5-9c25-27edcabd0a00_Bài Học Vô Giá Từ Những Điều Bình Dị - Francis Xavier.pdf',10),(247,'Francis Xavier',NULL,'AVAILABLE','Bài Học Vô Giá Từ Những Điều Bình Dị',3,'PTBT','nxbth','https://res.cloudinary.com/dnfjtrg5p/image/upload/v1767188519/library/images/ojvjxd33uiwjlqfi2mrn.png',3,0,'uploads\\pdf\\9ca6e37a-0b0c-48e2-942e-e88592275380_Bài Học Vô Giá Từ Những Điều Bình Dị - Francis Xavier.pdf',10),(248,'Francis Xavier',NULL,'AVAILABLE','Bài Học Vô Giá Từ Những Điều Bình Dị',3,'PTBT','nxbth','https://res.cloudinary.com/dnfjtrg5p/image/upload/v1767188524/library/images/z4hqximszoo0w7jds7wb.png',3,0,'uploads\\pdf\\4bd985ae-98c2-493c-a7c5-3d84c09c64f3_Bài Học Vô Giá Từ Những Điều Bình Dị - Francis Xavier.pdf',10),(249,'Nguyễn Thị Oanh',NULL,'AVAILABLE','Hãy Là Chính Mình',3,'PTBT','nxbtre','https://res.cloudinary.com/dnfjtrg5p/image/upload/v1767188774/library/images/nimd7gvvwz6zygsgt1am.png',3,0,'uploads\\pdf\\3bafb598-a2a2-4ffe-a96d-7bb33bfc91cd_Hãy Là Chính Mình - Nguyễn Thị Oanh.pdf',10),(250,'Nguyễn Thị Oanh',NULL,'AVAILABLE','Hãy Là Chính Mình',3,'PTBT','nxbtre','https://res.cloudinary.com/dnfjtrg5p/image/upload/v1767188778/library/images/nrezbqnkucudvcvkpr5h.png',3,0,'uploads\\pdf\\8317756d-e467-465e-a778-b2098c4fd3c2_Hãy Là Chính Mình - Nguyễn Thị Oanh.pdf',10),(251,'Nguyễn Thị Oanh',NULL,'AVAILABLE','Hãy Là Chính Mình',3,'PTBT','nxbtre','https://res.cloudinary.com/dnfjtrg5p/image/upload/v1767188782/library/images/kqrffsh4vyh5hszdjknt.png',3,0,'uploads\\pdf\\05bb3968-9051-42b7-9493-759dec7db086_Hãy Là Chính Mình - Nguyễn Thị Oanh.pdf',10),(252,'Yu Dan',NULL,'AVAILABLE','Trang Tử Tâm Đắc',3,'TH','nxbtre','https://res.cloudinary.com/dnfjtrg5p/image/upload/v1767188978/library/images/newelbzlfgm2tfnukek9.png',3,0,'uploads\\pdf\\33288b88-1e40-4013-b7de-a82680f82aa2_Trang Tử Tâm Đắc - Yu Dan.pdf',10),(253,'Yu Dan',NULL,'AVAILABLE','Trang Tử Tâm Đắc',3,'TH','nxbtre','https://res.cloudinary.com/dnfjtrg5p/image/upload/v1767188981/library/images/rcjntqcfqksetegyv1pi.png',3,0,'uploads\\pdf\\54fabd3d-2e02-46c6-8dbf-fbbf2b069034_Trang Tử Tâm Đắc - Yu Dan.pdf',10),(254,'Yu Dan',NULL,'AVAILABLE','Trang Tử Tâm Đắc',3,'TH','nxbtre','https://res.cloudinary.com/dnfjtrg5p/image/upload/v1767188985/library/images/rlyuf8g9cdrcm3wbs9qj.png',3,0,'uploads\\pdf\\dd7af9eb-7126-4608-862f-7e0b15399318_Trang Tử Tâm Đắc - Yu Dan.pdf',10),(255,'Erich Fromm',NULL,'BORROWED','Trốn Thoát Tự Do',3,'TH','nxbtg','https://res.cloudinary.com/dnfjtrg5p/image/upload/v1767189799/library/images/j2p7jkbmsls0pezaaexp.png',2,1,'uploads\\pdf\\873de832-a1ba-47fc-a14d-f876f3b929dc_Trốn Thoát Tự Do - Erich Fromm.pdf',10),(256,'Erich Fromm',NULL,'AVAILABLE','Trốn Thoát Tự Do',3,'TH','nxbtg','https://res.cloudinary.com/dnfjtrg5p/image/upload/v1767189803/library/images/hcjhvfsiyl1u7yu0a6fm.png',2,1,'uploads\\pdf\\7372bcb5-9b26-4b38-8839-54df5112ee66_Trốn Thoát Tự Do - Erich Fromm.pdf',10),(257,'Erich Fromm',NULL,'AVAILABLE','Trốn Thoát Tự Do',3,'TH','nxbtg','https://res.cloudinary.com/dnfjtrg5p/image/upload/v1767189807/library/images/fogkzincahyrgsja1trp.png',2,1,'uploads\\pdf\\69f86678-8ee3-4f37-9b5d-1f67e9338857_Trốn Thoát Tự Do - Erich Fromm.pdf',10),(258,'Các Mác',NULL,'AVAILABLE','Tư Bản Luận Tập 1',3,'TH','nxbqg','https://res.cloudinary.com/dnfjtrg5p/image/upload/v1767190106/library/images/ln4mw9k9g6p6jgnzbs1q.png',3,0,'uploads\\pdf\\da5c4737-4492-43c2-b6ad-852d18a2985d_Tư Bản Luận (Tập 1) - Các Mác.pdf',10),(259,'Các Mác',NULL,'AVAILABLE','Tư Bản Luận Tập 1',3,'TH','nxbqg','https://res.cloudinary.com/dnfjtrg5p/image/upload/v1767190112/library/images/j5o05miyurneagc58fhl.png',3,0,'uploads\\pdf\\a969babb-4eb0-4076-a4df-e5ff8dfff641_Tư Bản Luận (Tập 1) - Các Mác.pdf',10),(260,'Các Mác',NULL,'AVAILABLE','Tư Bản Luận Tập 1',3,'TH','nxbqg','https://res.cloudinary.com/dnfjtrg5p/image/upload/v1767190119/library/images/y4zhylcy3a2f6lf4pzpb.png',3,0,'uploads\\pdf\\3c774504-a74a-4576-bca1-0cd6c42fde21_Tư Bản Luận (Tập 1) - Các Mác.pdf',10),(261,'Các Mác',NULL,'AVAILABLE','Tư Bản Luận Tập 2',3,'TH','nxbqg','https://res.cloudinary.com/dnfjtrg5p/image/upload/v1767190180/library/images/sxnpkbrtoygc34836rii.png',3,0,'uploads\\pdf\\f8871bbe-4a04-4281-ba32-27671b816448_Tư Bản Luận (Tập 2) - Các Mác.pdf',10),(262,'Các Mác',NULL,'AVAILABLE','Tư Bản Luận Tập 2',3,'TH','nxbqg','https://res.cloudinary.com/dnfjtrg5p/image/upload/v1767190188/library/images/snzuxsy2ugaeg204wmj0.png',3,0,'uploads\\pdf\\a105be22-3e94-4b04-adc7-91284deaabc0_Tư Bản Luận (Tập 2) - Các Mác.pdf',10),(263,'Các Mác',NULL,'AVAILABLE','Tư Bản Luận Tập 2',3,'TH','nxbqg','https://res.cloudinary.com/dnfjtrg5p/image/upload/v1767190193/library/images/jlfwizlqqrfx4aitcjz7.png',3,0,'uploads\\pdf\\da72d995-f2f1-474b-a160-3d0a8fc0cd53_Tư Bản Luận (Tập 2) - Các Mác.pdf',10),(264,'Các Mác',NULL,'AVAILABLE','Tư Bản Luận Tập 3',3,'TH','nxbqg','https://res.cloudinary.com/dnfjtrg5p/image/upload/v1767190220/library/images/ogsmzmxips8hl5fknqqp.png',3,0,'uploads\\pdf\\616562b9-e8db-4306-8e1b-ce87be6c6d2b_Tư Bản Luận (Tập 3) - Các Mác.pdf',10),(265,'Các Mác',NULL,'AVAILABLE','Tư Bản Luận Tập 3',3,'TH','nxbqg','https://res.cloudinary.com/dnfjtrg5p/image/upload/v1767190227/library/images/kwlm5ezxkizia2qgmsqw.png',3,0,'uploads\\pdf\\76fa9b7e-bdba-4bb9-ba2c-31d4c8177829_Tư Bản Luận (Tập 3) - Các Mác.pdf',10),(266,'Các Mác',NULL,'AVAILABLE','Tư Bản Luận Tập 3',3,'TH','nxbqg','https://res.cloudinary.com/dnfjtrg5p/image/upload/v1767190233/library/images/hlbl2dpp2obf0vxh1dj5.png',3,0,'uploads\\pdf\\5b99976b-ff6d-43c2-9dc4-f8a0c1336109_Tư Bản Luận (Tập 3) - Các Mác.pdf',10),(267,'Nassim Nicholas Taleb',NULL,'AVAILABLE','Da Thịt Trong Cuộc Chơi',3,'TH','nxbtg','https://res.cloudinary.com/dnfjtrg5p/image/upload/v1767190534/library/images/vjus6buq71rsklbibpbk.png',3,0,'uploads\\pdf\\b660ffeb-6ae7-4e72-8338-7dccd2494eee_Da Thịt Trong Cuộc Chơi - Nassim Nicholas Taleb.pdf',10),(268,'Nassim Nicholas Taleb',NULL,'AVAILABLE','Da Thịt Trong Cuộc Chơi',3,'TH','nxbtg','https://res.cloudinary.com/dnfjtrg5p/image/upload/v1767190538/library/images/lo6mujtyngukcjbrhwv6.png',3,0,'uploads\\pdf\\0797c9d9-a3c7-4a77-aa9e-b9988c32e1bf_Da Thịt Trong Cuộc Chơi - Nassim Nicholas Taleb.pdf',10),(269,'Nassim Nicholas Taleb',NULL,'AVAILABLE','Da Thịt Trong Cuộc Chơi',3,'TH','nxbtg','https://res.cloudinary.com/dnfjtrg5p/image/upload/v1767190544/library/images/ozoetawu3jxoueaf8fbk.png',3,0,'uploads\\pdf\\80635130-913c-4178-9063-24eac4849c93_Da Thịt Trong Cuộc Chơi - Nassim Nicholas Taleb.pdf',10),(270,'Nguyễn Duy Cần',NULL,'AVAILABLE','Cái Cười Của Thánh Nhân',3,'TH','nxbtre','https://res.cloudinary.com/dnfjtrg5p/image/upload/v1767190828/library/images/fwokimg3e9nrm5hf0luy.png',3,0,'uploads\\pdf\\0b0ad69e-6ba5-47ae-a8a6-f89884a65e42_Cái Cười Của Thánh Nhân - Nguyễn Duy Cần.pdf',10),(271,'Nguyễn Duy Cần',NULL,'AVAILABLE','Cái Cười Của Thánh Nhân',3,'TH','nxbtre','https://res.cloudinary.com/dnfjtrg5p/image/upload/v1767190835/library/images/zatqbq72xqeiftx91gwh.png',3,0,'uploads\\pdf\\5b1d4bf3-9c62-40a4-8bc9-c5ca56bf3e08_Cái Cười Của Thánh Nhân - Nguyễn Duy Cần.pdf',10),(272,'Nguyễn Duy Cần',NULL,'AVAILABLE','Cái Cười Của Thánh Nhân',3,'TH','nxbtre','https://res.cloudinary.com/dnfjtrg5p/image/upload/v1767190841/library/images/oecbrwqftazbbhxfiqye.png',3,0,'uploads\\pdf\\f9db378b-30a5-44f0-80f0-c7151033ca17_Cái Cười Của Thánh Nhân - Nguyễn Duy Cần.pdf',10),(273,'Aristotle',NULL,'AVAILABLE','Chính Trị Luận',3,'KTCT','nxbqg','https://res.cloudinary.com/dnfjtrg5p/image/upload/v1767191133/library/images/l4brwoadvnqp006idsh3.png',3,0,'uploads\\pdf\\60e82b43-98ae-45dc-bbd5-3263a93dd61a_Chính Trị Luận - Aristotle.pdf',10),(274,'Aristotle',NULL,'AVAILABLE','Chính Trị Luận',3,'KTCT','nxbqg','https://res.cloudinary.com/dnfjtrg5p/image/upload/v1767191141/library/images/dcyhz1jh5xvtvcizrc72.png',3,0,'uploads\\pdf\\b082542a-d97b-4a2f-9b24-5d5c4c982315_Chính Trị Luận - Aristotle.pdf',10),(275,'Aristotle',NULL,'AVAILABLE','Chính Trị Luận',3,'KTCT','nxbqg','https://res.cloudinary.com/dnfjtrg5p/image/upload/v1767191154/library/images/tbtgwxuhl83fewse657g.png',3,0,'uploads\\pdf\\fe707241-cf1b-45ae-bd3a-cc351ae07605_Chính Trị Luận - Aristotle.pdf',10),(276,'Graham Allison',NULL,'AVAILABLE','Định Mệnh Chiến Tranh',3,'KTCT','nxbhn','https://res.cloudinary.com/dnfjtrg5p/image/upload/v1767191265/library/images/mknzti2yhqdbf2u2bdju.png',3,0,'uploads\\pdf\\a25e595a-366b-4e67-8d9f-6e030c6dfda4_Định Mệnh Chiến Tranh - Graham Allison.pdf',10),(277,'Graham Allison',NULL,'AVAILABLE','Định Mệnh Chiến Tranh',3,'KTCT','nxbhn','https://res.cloudinary.com/dnfjtrg5p/image/upload/v1767191270/library/images/thk16smfr3zxaugu6iix.png',3,0,'uploads\\pdf\\33f7605e-f4c6-4482-b894-d109fbb193e1_Định Mệnh Chiến Tranh - Graham Allison.pdf',10),(278,'Graham Allison',NULL,'AVAILABLE','Định Mệnh Chiến Tranh',3,'KTCT','nxbhn','https://res.cloudinary.com/dnfjtrg5p/image/upload/v1767191275/library/images/hq7m16gdvagzomm4my6k.png',3,0,'uploads\\pdf\\fd1a61ec-7fd6-4b65-87a9-5dd408cfd299_Định Mệnh Chiến Tranh - Graham Allison.pdf',10),(279,'Rusly Abdullah',NULL,'AVAILABLE','Kinh Doanh Nhỏ Thu Lợi Lớn',3,'KTCT','nxbldxh','https://res.cloudinary.com/dnfjtrg5p/image/upload/v1767191339/library/images/sdbny2adxix2h2pnrvrn.png',3,0,'uploads\\pdf\\b9df8ce8-268d-4ebb-8524-706207b1a1d9_Kinh Doanh Nhỏ Thu Lợi Lớn - Rusly Abdullah.pdf',10),(280,'Rusly Abdullah',NULL,'AVAILABLE','Kinh Doanh Nhỏ Thu Lợi Lớn',3,'KTCT','nxbldxh','https://res.cloudinary.com/dnfjtrg5p/image/upload/v1767191345/library/images/mivdqsfp3rgxa98yjksg.png',3,0,'uploads\\pdf\\eebc4dd6-4ee7-4173-ba89-b6a388c33158_Kinh Doanh Nhỏ Thu Lợi Lớn - Rusly Abdullah.pdf',10),(281,'Rusly Abdullah',NULL,'AVAILABLE','Kinh Doanh Nhỏ Thu Lợi Lớn',3,'KTCT','nxbldxh','https://res.cloudinary.com/dnfjtrg5p/image/upload/v1767191351/library/images/kkfhkrrvg8e2zjnta5eb.png',3,0,'uploads\\pdf\\e7187dd8-09b4-46a2-b3bb-881d8c321704_Kinh Doanh Nhỏ Thu Lợi Lớn - Rusly Abdullah.pdf',10),(282,'Lão Mạc',NULL,'AVAILABLE','Kinh Nghiệm Thành Công Của Ông Chủ Nhỏ',3,'KTCT','nxbtn','https://res.cloudinary.com/dnfjtrg5p/image/upload/v1767191547/library/images/ifbfre5s4halkdgr8mbt.png',3,0,'uploads\\pdf\\e35743ed-778a-4472-9ee3-e588ac10e491_Kinh Nghiệm Thành Công Của Ông Chủ Nhỏ - Lão Mạc.pdf',10),(283,'Lão Mạc',NULL,'AVAILABLE','Kinh Nghiệm Thành Công Của Ông Chủ Nhỏ',3,'KTCT','nxbtn','https://res.cloudinary.com/dnfjtrg5p/image/upload/v1767191554/library/images/ffptn7fvoyixdlaibq53.png',3,0,'uploads\\pdf\\434d3fa2-bf04-4bba-89cf-38b930fb029b_Kinh Nghiệm Thành Công Của Ông Chủ Nhỏ - Lão Mạc.pdf',10),(284,'Lão Mạc',NULL,'AVAILABLE','Kinh Nghiệm Thành Công Của Ông Chủ Nhỏ',3,'KTCT','nxbtn','https://res.cloudinary.com/dnfjtrg5p/image/upload/v1767191561/library/images/urtvzpn9lydadnqfpp0q.png',3,0,'uploads\\pdf\\50e1226b-3286-439c-96fe-92a54378e2e2_Kinh Nghiệm Thành Công Của Ông Chủ Nhỏ - Lão Mạc.pdf',10),(285,'Guy Kawasaki',NULL,'BORROWED','Sự Thật Bi Hài Về Thế Giới Kinh Doanh',3,'KTCT','nxbldxh','https://res.cloudinary.com/dnfjtrg5p/image/upload/v1767191651/library/images/gcesgvrdyeqse0uezdi7.png',2,1,'uploads\\pdf\\d5be8f72-42ec-43cf-a73a-e214b73f41a7_Sự Thật Bi Hài Về Thế Giới Kinh Doanh - Guy Kawasaki.pdf',10),(286,'Guy Kawasaki',NULL,'AVAILABLE','Sự Thật Bi Hài Về Thế Giới Kinh Doanh',3,'KTCT','nxbldxh','https://res.cloudinary.com/dnfjtrg5p/image/upload/v1767191657/library/images/uehnoeqzfsa84cpddjdv.png',2,1,'uploads\\pdf\\adc0f538-e6c5-4364-aa5f-d511778793a9_Sự Thật Bi Hài Về Thế Giới Kinh Doanh - Guy Kawasaki.pdf',10),(287,'Guy Kawasaki',NULL,'AVAILABLE','Sự Thật Bi Hài Về Thế Giới Kinh Doanh',3,'KTCT','nxbldxh','https://res.cloudinary.com/dnfjtrg5p/image/upload/v1767191663/library/images/seqv8pioy48tk1mqrvxh.png',2,1,'uploads\\pdf\\6c5759b7-0f52-4989-b9e1-8b4304e5e7ff_Sự Thật Bi Hài Về Thế Giới Kinh Doanh - Guy Kawasaki.pdf',10),(288,'Michael Sandel',NULL,'AVAILABLE','Tiền Không Mua Được Gì',3,'KTCT','nxbtre','https://res.cloudinary.com/dnfjtrg5p/image/upload/v1767191720/library/images/ns41v4xvecdoz5pam5qz.png',3,0,'uploads\\pdf\\7c370911-673f-4389-a479-e8f441a99615_Tiền Không Mua Được Gì - Michael Sandel.pdf',10),(289,'Michael Sandel',NULL,'AVAILABLE','Tiền Không Mua Được Gì',3,'KTCT','nxbtre','https://res.cloudinary.com/dnfjtrg5p/image/upload/v1767191725/library/images/e5rlfbbbayuemipebtwm.png',3,0,'uploads\\pdf\\07bc9be8-9a54-4bb3-ab89-644b57d85006_Tiền Không Mua Được Gì - Michael Sandel.pdf',10),(290,'Michael Sandel',NULL,'AVAILABLE','Tiền Không Mua Được Gì',3,'KTCT','nxbtre','https://res.cloudinary.com/dnfjtrg5p/image/upload/v1767191729/library/images/fnatfcpzlrl1xlom9tst.png',3,0,'uploads\\pdf\\4b99035e-94d4-4405-a2d9-e909c978e883_Tiền Không Mua Được Gì - Michael Sandel.pdf',10),(291,'Henry Kissinger',NULL,'AVAILABLE','Trật Tự Thế Giới',3,'KTCT','nxbtg','https://res.cloudinary.com/dnfjtrg5p/image/upload/v1767191775/library/images/mnlewpxrjarsaildit0a.png',3,0,'uploads\\pdf\\d393e8d9-eccb-4a67-b674-0348d684b95d_Trật Tự Thế Giới - Henry Kissinger.pdf',10),(292,'Henry Kissinger',NULL,'AVAILABLE','Trật Tự Thế Giới',3,'KTCT','nxbtg','https://res.cloudinary.com/dnfjtrg5p/image/upload/v1767191779/library/images/qhu7cildhgcmth0lthvz.png',3,0,'uploads\\pdf\\d1957519-c5c4-43b3-8902-0323eac03d3d_Trật Tự Thế Giới - Henry Kissinger.pdf',10),(293,'Henry Kissinger',NULL,'AVAILABLE','Trật Tự Thế Giới',3,'KTCT','nxbtg','https://res.cloudinary.com/dnfjtrg5p/image/upload/v1767191784/library/images/hqf53l7r1yzav4n3w5de.png',3,0,'uploads\\pdf\\7135b9eb-1f1f-42f9-b0b7-e3b4498e27f4_Trật Tự Thế Giới - Henry Kissinger.pdf',10),(294,'Phạm Trường Khang',NULL,'AVAILABLE','Các Cuộc Khởi Nghĩa Tiêu Biểu Chống Xâm Lược Ở Việt Nam',3,'LSVH','nxbqg','https://res.cloudinary.com/dnfjtrg5p/image/upload/v1767191872/library/images/ycqgaqjrzaenmfkotrsg.png',3,0,'uploads\\pdf\\730e994e-6cdc-45ee-b101-cfeabed05495_Các Cuộc Khởi Nghĩa Tiêu Biểu Chống Xâm Lược Ở Việt Nam - Phạm Trường Khang.pdf',10),(295,'Phạm Trường Khang',NULL,'AVAILABLE','Các Cuộc Khởi Nghĩa Tiêu Biểu Chống Xâm Lược Ở Việt Nam',3,'LSVH','nxbqg','https://res.cloudinary.com/dnfjtrg5p/image/upload/v1767191877/library/images/uw3yt8upfbogo3gt0dwk.png',3,0,'uploads\\pdf\\b8a8d6eb-8045-4038-bc75-7173e0bf31aa_Các Cuộc Khởi Nghĩa Tiêu Biểu Chống Xâm Lược Ở Việt Nam - Phạm Trường Khang.pdf',10),(296,'Phạm Trường Khang',NULL,'AVAILABLE','Các Cuộc Khởi Nghĩa Tiêu Biểu Chống Xâm Lược Ở Việt Nam',3,'LSVH','nxbqg','https://res.cloudinary.com/dnfjtrg5p/image/upload/v1767191881/library/images/g9awzcuurxavktpcsqqm.png',3,0,'uploads\\pdf\\7dcb8ec3-c195-4f48-a1c9-7d9dad299208_Các Cuộc Khởi Nghĩa Tiêu Biểu Chống Xâm Lược Ở Việt Nam - Phạm Trường Khang.pdf',10),(297,'Anh Tú',NULL,'AVAILABLE','Đồng Dao Việt Nam',3,'LSVH','nxbvhtt','https://res.cloudinary.com/dnfjtrg5p/image/upload/v1767191924/library/images/dcsok2q6mnt6yt8ygx9v.jpg',3,0,'uploads\\pdf\\1ba9a402-d8a4-45e3-8cec-5dea08926315_Đồng Dao Việt Nam - Anh Tú.pdf',10),(298,'Anh Tú',NULL,'AVAILABLE','Đồng Dao Việt Nam',3,'LSVH','nxbvhtt','https://res.cloudinary.com/dnfjtrg5p/image/upload/v1767191927/library/images/y58snnljitukqqlvsxmj.jpg',3,0,'uploads\\pdf\\b30c8a43-f8b1-4a3e-8f18-00081e43c286_Đồng Dao Việt Nam - Anh Tú.pdf',10),(299,'Anh Tú',NULL,'AVAILABLE','Đồng Dao Việt Nam',3,'LSVH','nxbvhtt','https://res.cloudinary.com/dnfjtrg5p/image/upload/v1767191931/library/images/kisutrjzuio0px4i6yax.jpg',3,0,'uploads\\pdf\\e7846758-8a6e-4a63-a57a-b43190a085e1_Đồng Dao Việt Nam - Anh Tú.pdf',10),(300,'Arnold J. Toynbee',NULL,'AVAILABLE','Nghiên Cứu Lịch Sử Nhân Loại',3,'LSVH','nxbvhtt','https://res.cloudinary.com/dnfjtrg5p/image/upload/v1767192034/library/images/hdsgbggfjelsn8qk9kji.png',3,0,'uploads\\pdf\\102b1638-97b6-4a3d-8d75-13dd1bbbb0a3_Nghiên Cứu Lịch Sử Nhân Loại - Arnold J. Toynbee.pdf',10),(301,'Arnold J. Toynbee',NULL,'AVAILABLE','Nghiên Cứu Lịch Sử Nhân Loại',3,'LSVH','nxbvhtt','https://res.cloudinary.com/dnfjtrg5p/image/upload/v1767192038/library/images/alvqu2lnyea4wgflwyhb.png',3,0,'uploads\\pdf\\5fd9717f-32d7-4479-aae3-9cdce4c9ada6_Nghiên Cứu Lịch Sử Nhân Loại - Arnold J. Toynbee.pdf',10),(302,'Arnold J. Toynbee',NULL,'AVAILABLE','Nghiên Cứu Lịch Sử Nhân Loại',3,'LSVH','nxbvhtt','https://res.cloudinary.com/dnfjtrg5p/image/upload/v1767192042/library/images/huflko7ptbz4yyzbr7k0.png',3,0,'uploads\\pdf\\24f70517-b85e-4a12-9630-d4f992ee3e40_Nghiên Cứu Lịch Sử Nhân Loại - Arnold J. Toynbee.pdf',10),(303,'Charles Darwin',NULL,'AVAILABLE','Nguồn Gốc Các Loài',3,'LSVH','nxbtt','https://res.cloudinary.com/dnfjtrg5p/image/upload/v1767192165/library/images/udn0n8g4jcmu1fmjwoma.png',3,0,'uploads\\pdf\\f03b1bc1-2088-4169-8f74-59e918f7cff9_Nguồn Gốc Các Loài - Charles Darwin.pdf',10),(304,'Charles Darwin',NULL,'AVAILABLE','Nguồn Gốc Các Loài',3,'LSVH','nxbtt','https://res.cloudinary.com/dnfjtrg5p/image/upload/v1767192185/library/images/g0ebzgiafh835vijas6b.png',3,0,'uploads\\pdf\\4b884bac-df10-4f46-a292-3123b5bc93b0_Nguồn Gốc Các Loài - Charles Darwin.pdf',10),(305,'Charles Darwin',NULL,'AVAILABLE','Nguồn Gốc Các Loài',3,'LSVH','nxbtt','https://res.cloudinary.com/dnfjtrg5p/image/upload/v1767192190/library/images/j91uuhq9usb2dhdgsjbu.png',3,0,'uploads\\pdf\\0f74d0bf-40ff-4334-b298-6ce23cd4a74a_Nguồn Gốc Các Loài - Charles Darwin.pdf',10),(306,'Will Durant',NULL,'AVAILABLE','Nguồn Gốc Văn Minh',3,'LSVH','nxbvhtt','https://res.cloudinary.com/dnfjtrg5p/image/upload/v1767192276/library/images/vzdzvtxvbprzk05myizu.png',3,0,'uploads\\pdf\\cd107235-fef4-4630-a9f3-d52654893f3d_Nguồn Gốc Văn Minh - Will Durant.pdf',10),(307,'Will Durant',NULL,'AVAILABLE','Nguồn Gốc Văn Minh',3,'LSVH','nxbvhtt','https://res.cloudinary.com/dnfjtrg5p/image/upload/v1767192280/library/images/vkccdaqggbzf8jefuek5.png',3,0,'uploads\\pdf\\628626f1-b68a-463b-8081-8207099ff9df_Nguồn Gốc Văn Minh - Will Durant.pdf',10),(308,'Will Durant',NULL,'AVAILABLE','Nguồn Gốc Văn Minh',3,'LSVH','nxbvhtt','https://res.cloudinary.com/dnfjtrg5p/image/upload/v1767192283/library/images/o9hyt56biag2zw9obgf0.png',3,0,'uploads\\pdf\\5502cc27-7bdc-4e59-ab46-8b1b95dfabbf_Nguồn Gốc Văn Minh - Will Durant.pdf',10),(309,'Vương Hồng Sển',NULL,'AVAILABLE','Sài Gòn Năm Xưa',3,'LSVH','nxbth','https://res.cloudinary.com/dnfjtrg5p/image/upload/v1767192364/library/images/fckttbqddxivmt1ev9gk.jpg',3,0,'uploads\\pdf\\d6700318-ee95-4bf7-824e-810cb26de57c_Sài Gòn Năm Xưa - Vương Hồng Sển.pdf',10),(310,'Vương Hồng Sển',NULL,'AVAILABLE','Sài Gòn Năm Xưa',3,'LSVH','nxbth','https://res.cloudinary.com/dnfjtrg5p/image/upload/v1767192367/library/images/lclqivyk92zdvz0dymv6.jpg',3,0,'uploads\\pdf\\c56bd944-c916-48fd-95c8-e56f0516c265_Sài Gòn Năm Xưa - Vương Hồng Sển.pdf',10),(311,'Vương Hồng Sển',NULL,'AVAILABLE','Sài Gòn Năm Xưa',3,'LSVH','nxbth','https://res.cloudinary.com/dnfjtrg5p/image/upload/v1767192370/library/images/azknlp1vljsihbp3jxwm.jpg',3,0,'uploads\\pdf\\c691f457-5ad0-476e-b06d-36a9d0789722_Sài Gòn Năm Xưa - Vương Hồng Sển.pdf',10),(312,'Nguyễn Khắc Viện',NULL,'BORROWED','Việt Nam Một Thiên Lịch Sử',3,'LSVH','nxbkhxh','https://res.cloudinary.com/dnfjtrg5p/image/upload/v1767192462/library/images/tiuspwcg0ve5roswclk6.png',2,1,'uploads\\pdf\\41b2eec1-b430-43c2-8b14-68c8223e8efc_Việt Nam Một Thiên Lịch Sử - Nguyễn Khắc Viện.pdf',10),(313,'Nguyễn Khắc Viện',NULL,'AVAILABLE','Việt Nam Một Thiên Lịch Sử',3,'LSVH','nxbkhxh','https://res.cloudinary.com/dnfjtrg5p/image/upload/v1767192466/library/images/dvjf49lokl94kososgjr.png',2,1,'uploads\\pdf\\745f80c2-869b-47e6-90ec-4b0aba4c338d_Việt Nam Một Thiên Lịch Sử - Nguyễn Khắc Viện.pdf',10),(314,'Nguyễn Khắc Viện',NULL,'AVAILABLE','Việt Nam Một Thiên Lịch Sử',3,'LSVH','nxbkhxh','https://res.cloudinary.com/dnfjtrg5p/image/upload/v1767192473/library/images/snudxufhfod0g5nwmzcm.png',2,1,'uploads\\pdf\\b7c681f8-abf9-4fb8-a210-c43fb54e9813_Việt Nam Một Thiên Lịch Sử - Nguyễn Khắc Viện.pdf',10),(315,'Steven Johnson',NULL,'AVAILABLE','6 Phát Minh Làm Nên Thời Đại',3,'KHCN','nxbtg','https://res.cloudinary.com/dnfjtrg5p/image/upload/v1767192676/library/images/o1dm9veq7hr4nqjnmulf.png',3,0,'uploads\\pdf\\6f155fe8-dc6b-4707-8de8-5f0aed5b468b_6 Phát Minh Làm Nên Thời Đại - Steven Johnson.pdf',10),(316,'Steven Johnson',NULL,'AVAILABLE','6 Phát Minh Làm Nên Thời Đại',3,'KHCN','nxbtg','https://res.cloudinary.com/dnfjtrg5p/image/upload/v1767192681/library/images/lkbkk8wwo01hbvobksbp.png',3,0,'uploads\\pdf\\2af4a7df-ea4d-45e2-af70-a824303dc10b_6 Phát Minh Làm Nên Thời Đại - Steven Johnson.pdf',10),(317,'Steven Johnson',NULL,'AVAILABLE','6 Phát Minh Làm Nên Thời Đại',3,'KHCN','nxbtg','https://res.cloudinary.com/dnfjtrg5p/image/upload/v1767192685/library/images/wba5qouxkt8nb8gz00or.png',3,0,'uploads\\pdf\\9340b295-2609-4573-9346-4d75f64c3e21_6 Phát Minh Làm Nên Thời Đại - Steven Johnson.pdf',10),(318,'Carlo Rovelli',NULL,'AVAILABLE','7 Bài Học Hay Nhất Về Vật Lý',3,'KHCN','nxbtg','https://res.cloudinary.com/dnfjtrg5p/image/upload/v1767192835/library/images/dftfp9oa3uv9olfroaxo.png',3,0,'uploads\\pdf\\989f5d20-388a-4676-93d8-33b800155410_7 Bài Học Hay Nhất Về Vật Lý - Carlo Rovelli.pdf',10),(319,'Carlo Rovelli',NULL,'AVAILABLE','7 Bài Học Hay Nhất Về Vật Lý',3,'KHCN','nxbtg','https://res.cloudinary.com/dnfjtrg5p/image/upload/v1767192846/library/images/cl7il1g9hhdvtzady2qd.png',3,0,'uploads\\pdf\\b19f18b9-c314-4e7f-98d3-4cfb2830053b_7 Bài Học Hay Nhất Về Vật Lý - Carlo Rovelli.pdf',10),(320,'Carlo Rovelli',NULL,'AVAILABLE','7 Bài Học Hay Nhất Về Vật Lý',3,'KHCN','nxbtg','https://res.cloudinary.com/dnfjtrg5p/image/upload/v1767192855/library/images/que2mrwhuczreqficn05.png',3,0,'uploads\\pdf\\7aa72c2b-33b2-4919-ae4e-a8790d814b22_7 Bài Học Hay Nhất Về Vật Lý - Carlo Rovelli.pdf',10),(321,'Nicholas Carr',NULL,'AVAILABLE','Chuyển Đổi Lớn',3,'KHCN','nxbtre','https://res.cloudinary.com/dnfjtrg5p/image/upload/v1767192983/library/images/qbgu00b9hqonzuisalgk.png',3,0,'uploads\\pdf\\b6a11c3a-63ca-4037-94cb-500f66c0dbaa_Chuyển Đổi Lớn - Nicholas Carr.pdf',10),(322,'Nicholas Carr',NULL,'AVAILABLE','Chuyển Đổi Lớn',3,'KHCN','nxbtre','https://res.cloudinary.com/dnfjtrg5p/image/upload/v1767192987/library/images/oqbh5mryosajuzu4o1do.png',3,0,'uploads\\pdf\\a96f5569-f96e-45ea-8b33-28dd58ca136e_Chuyển Đổi Lớn - Nicholas Carr.pdf',10),(323,'Nicholas Carr',NULL,'AVAILABLE','Chuyển Đổi Lớn',3,'KHCN','nxbtre','https://res.cloudinary.com/dnfjtrg5p/image/upload/v1767192992/library/images/ekxvrhiabiz9wt3h1sbw.png',3,0,'uploads\\pdf\\a5607857-a3aa-41a5-8685-2c80aefec1b9_Chuyển Đổi Lớn - Nicholas Carr.pdf',10),(324,'Viktor Mayer-Schonberger & Kenneth Cukier',NULL,'AVAILABLE','Dữ Liệu Lớn',3,'KHCN','nxbtre','https://res.cloudinary.com/dnfjtrg5p/image/upload/v1767193083/library/images/x1tlgcftpfohwjbsbdxr.png',3,0,'uploads\\pdf\\b96ec0f3-3754-4cde-a59b-bd738ea2e79d_Dữ Liệu Lớn - Viktor Mayer-Schonberger & Kenneth Cukier.pdf',10),(325,'Viktor Mayer-Schonberger & Kenneth Cukier',NULL,'AVAILABLE','Dữ Liệu Lớn',3,'KHCN','nxbtre','https://res.cloudinary.com/dnfjtrg5p/image/upload/v1767193088/library/images/rpfwwba7kurohgtzyals.png',3,0,'uploads\\pdf\\bd56273c-80d8-4521-be5e-27a43b266aaa_Dữ Liệu Lớn - Viktor Mayer-Schonberger & Kenneth Cukier.pdf',10),(326,'Viktor Mayer-Schonberger & Kenneth Cukier',NULL,'AVAILABLE','Dữ Liệu Lớn',3,'KHCN','nxbtre','https://res.cloudinary.com/dnfjtrg5p/image/upload/v1767193091/library/images/udmu3qmdhq1got10xmjk.png',3,0,'uploads\\pdf\\3dd36a7b-6ab0-43d9-a5f7-7cdce0aa5af0_Dữ Liệu Lớn - Viktor Mayer-Schonberger & Kenneth Cukier.pdf',10),(327,'Anh Việt & Quang Toàn',NULL,'AVAILABLE','Khoa Học Nghịch Lý',3,'KHCN','nxbtre','https://res.cloudinary.com/dnfjtrg5p/image/upload/v1767193133/library/images/rdenfxdn54y4fbrwry8t.jpg',3,0,'uploads\\pdf\\d136711b-bcb7-454e-b8a1-1f3a3588088f_Khoa Học Nghịch Lý - Anh Việt & Quang Toàn.pdf',10),(328,'Anh Việt & Quang Toàn',NULL,'AVAILABLE','Khoa Học Nghịch Lý',3,'KHCN','nxbtre','https://res.cloudinary.com/dnfjtrg5p/image/upload/v1767193138/library/images/pdqqu47cdnxe0s1k7jdx.jpg',3,0,'uploads\\pdf\\2f1f1ece-a4c9-49ec-ae5c-489472d658cb_Khoa Học Nghịch Lý - Anh Việt & Quang Toàn.pdf',10),(329,'Anh Việt & Quang Toàn',NULL,'AVAILABLE','Khoa Học Nghịch Lý',3,'KHCN','nxbtre','https://res.cloudinary.com/dnfjtrg5p/image/upload/v1767193141/library/images/r1yiltewzruldvitfnmf.jpg',3,0,'uploads\\pdf\\a51e1789-677f-48ac-8638-b1b7d00a8686_Khoa Học Nghịch Lý - Anh Việt & Quang Toàn.pdf',10),(330,'Lê Giảng',NULL,'AVAILABLE','Khoa Học Với Những Giấc Mơ',3,'KHCN','nxbvhtt','https://res.cloudinary.com/dnfjtrg5p/image/upload/v1767193285/library/images/ksrmtjvumeuaoyhn0x6r.jpg',3,0,'uploads\\pdf\\5ece9232-27df-430d-aa4f-b2d3ce433bfe_Khoa Học Với Những Giấc Mơ - Lê Giảng.pdf',10),(331,'Lê Giảng',NULL,'AVAILABLE','Khoa Học Với Những Giấc Mơ',3,'KHCN','nxbvhtt','https://res.cloudinary.com/dnfjtrg5p/image/upload/v1767193310/library/images/bp6jr9pgjmpycykyvoje.jpg',3,0,'uploads\\pdf\\f2f3ceb1-947b-46fc-873e-2019334a3196_Khoa Học Với Những Giấc Mơ - Lê Giảng.pdf',10),(332,'Lê Giảng',NULL,'AVAILABLE','Khoa Học Với Những Giấc Mơ',3,'KHCN','nxbvhtt','https://res.cloudinary.com/dnfjtrg5p/image/upload/v1767193314/library/images/sqsrzzf6wq1qffaybtnq.jpg',3,0,'uploads\\pdf\\3796684f-741f-48b5-be04-050c67c7f8a9_Khoa Học Với Những Giấc Mơ - Lê Giảng.pdf',10),(333,'Stephen Hawking',NULL,'BORROWED','Lược Sử Thời Gian',3,'KHCN','nxbtre','https://res.cloudinary.com/dnfjtrg5p/image/upload/v1767193389/library/images/mzyzgohkr25td4pgfwps.png',2,1,'uploads\\pdf\\a0e96cc1-5d5d-4322-81b1-2bf324e8c29d_Lược Sử Thời Gian - Stephen Hawking.pdf',10),(334,'Stephen Hawking',NULL,'AVAILABLE','Lược Sử Thời Gian',3,'KHCN','nxbtre','https://res.cloudinary.com/dnfjtrg5p/image/upload/v1767193393/library/images/ljwp2nj7zes2aubaqnbo.png',2,1,'uploads\\pdf\\c9ede298-5aaa-4b18-9870-45a603461c1a_Lược Sử Thời Gian - Stephen Hawking.pdf',10),(335,'Stephen Hawking',NULL,'AVAILABLE','Lược Sử Thời Gian',3,'KHCN','nxbtre','https://res.cloudinary.com/dnfjtrg5p/image/upload/v1767193399/library/images/tufl5hbwxrtrpxq7tk1m.png',2,1,'uploads\\pdf\\1b051996-44f0-43bc-b041-800b7e164fc4_Lược Sử Thời Gian - Stephen Hawking.pdf',10),(336,'Ernest Hemingway',NULL,'BORROWED','Ông Già và Biển Cả',3,'VHTT','nxbvn','https://res.cloudinary.com/dnfjtrg5p/image/upload/v1767193536/library/images/dzzrhuzbwiduktscldig.png',2,1,'uploads\\pdf\\a6163df4-1459-4a75-a4b2-c04138038921_Ông Già và Biển Cả - Ernest Hemingway.pdf',10),(337,'Ernest Hemingway',NULL,'AVAILABLE','Ông Già và Biển Cả',3,'VHTT','nxbvn','https://res.cloudinary.com/dnfjtrg5p/image/upload/v1767193543/library/images/obim4vfnclrhyhdse8ap.png',2,1,'uploads\\pdf\\b3ef4920-62e1-49f8-96ee-7c790a8fa7aa_Ông Già và Biển Cả - Ernest Hemingway.pdf',10),(338,'Ernest Hemingway',NULL,'AVAILABLE','Ông Già và Biển Cả',3,'VHTT','nxbvn','https://res.cloudinary.com/dnfjtrg5p/image/upload/v1767193549/library/images/jtvbeb9u139rdqorx79m.png',2,1,'uploads\\pdf\\76f8dc1f-ce52-46e6-9487-e1a83049170d_Ông Già và Biển Cả - Ernest Hemingway.pdf',10),(339,'Paulo Coelho',NULL,'AVAILABLE','Nhà Giả Kim',3,'VHTT','nxbvn','https://res.cloudinary.com/dnfjtrg5p/image/upload/v1767193611/library/images/f3veknpexpzmoap1vwqx.png',3,0,'uploads\\pdf\\8b315caa-7166-41d5-80c8-b9e5d0622989_Nhà Giả Kim - Paulo Coelho.pdf',10),(340,'Paulo Coelho',NULL,'AVAILABLE','Nhà Giả Kim',3,'VHTT','nxbvn','https://res.cloudinary.com/dnfjtrg5p/image/upload/v1767193616/library/images/c2inq7ztzqkigehsnsea.png',3,0,'uploads\\pdf\\cfa7846f-0b10-436f-ac58-12cae46fa79f_Nhà Giả Kim - Paulo Coelho.pdf',10),(341,'Paulo Coelho',NULL,'AVAILABLE','Nhà Giả Kim',3,'VHTT','nxbvn','https://res.cloudinary.com/dnfjtrg5p/image/upload/v1767193621/library/images/wffuyv21cu1goaropywy.png',3,0,'uploads\\pdf\\12a3141f-7ce4-459d-93f4-3dd454ed1b8e_Nhà Giả Kim - Paulo Coelho.pdf',10),(342,'Melinda Leigh',NULL,'AVAILABLE','Những Cuộc Săn Người',3,'VHTT','nxbvn','https://res.cloudinary.com/dnfjtrg5p/image/upload/v1767193704/library/images/biafbvodn1qnccpn4tzm.png',3,0,'uploads\\pdf\\0a6eb1f1-73b7-4549-801a-a2b3cda3f705_Những Cuộc Săn Người - Melinda Leigh.pdf',10),(343,'Melinda Leigh',NULL,'AVAILABLE','Những Cuộc Săn Người',3,'VHTT','nxbvn','https://res.cloudinary.com/dnfjtrg5p/image/upload/v1767193711/library/images/ozyfatudu0yvtqlwbud0.png',3,0,'uploads\\pdf\\aae41dda-8ec5-4117-8479-578e41373f85_Những Cuộc Săn Người - Melinda Leigh.pdf',10),(344,'Melinda Leigh',NULL,'AVAILABLE','Những Cuộc Săn Người',3,'VHTT','nxbvn','https://res.cloudinary.com/dnfjtrg5p/image/upload/v1767193716/library/images/vezrtblsv9f1p9ogoz9d.png',3,0,'uploads\\pdf\\b8c41ef6-fdb6-417f-9a58-686cf643cf2e_Những Cuộc Săn Người - Melinda Leigh.pdf',10),(345,'Lois Lowry',NULL,'AVAILABLE','Người Truyền Ký Ức',3,'VHTT','nxbvn','https://res.cloudinary.com/dnfjtrg5p/image/upload/v1767193898/library/images/mezieetsaakkcgxousfn.png',2,1,'uploads\\pdf\\34ed887d-29bb-4e64-8219-c2c4606ced6d_Người Truyền Ký Ức - Lois Lowry.pdf',10),(346,'Lois Lowry',NULL,'BORROWED','Người Truyền Ký Ức',3,'VHTT','nxbvn','https://res.cloudinary.com/dnfjtrg5p/image/upload/v1767193905/library/images/bhvxpc8mzx0xaqyhw7ju.png',2,1,'uploads\\pdf\\781e44df-8bc0-42cf-9d5f-1cbc6df13601_Người Truyền Ký Ức - Lois Lowry.pdf',10),(347,'Lois Lowry',NULL,'AVAILABLE','Người Truyền Ký Ức',3,'VHTT','nxbvn','https://res.cloudinary.com/dnfjtrg5p/image/upload/v1767193911/library/images/yaeyqhuklggrlilgfnj6.png',2,1,'uploads\\pdf\\d08ec74b-8af1-4f9d-af08-f1d7c65a5303_Người Truyền Ký Ức - Lois Lowry.pdf',10),(348,'Antoine de Saint-Exupéry',NULL,'AVAILABLE','Hoàng Tử Bé',3,'VHTT','nxbkd','https://res.cloudinary.com/dnfjtrg5p/image/upload/v1767194171/library/images/jqnetjrophywccmpijax.png',3,0,'uploads\\pdf\\c05e7d65-a751-40fb-8987-31cd489b0275_Hoàng Tử Bé - Antoine de Saint-Exupéry.pdf',10),(349,'Antoine de Saint-Exupéry',NULL,'AVAILABLE','Hoàng Tử Bé',3,'VHTT','nxbkd','https://res.cloudinary.com/dnfjtrg5p/image/upload/v1767194174/library/images/vxizvb3z7154mptp3ge9.png',3,0,'uploads\\pdf\\78a1a56a-bc85-46e2-b12d-e1d973c6c2c2_Hoàng Tử Bé - Antoine de Saint-Exupéry.pdf',10),(350,'Antoine de Saint-Exupéry',NULL,'AVAILABLE','Hoàng Tử Bé',3,'VHTT','nxbkd','https://res.cloudinary.com/dnfjtrg5p/image/upload/v1767194178/library/images/tzayym62xj6oquyxnpij.png',3,0,'uploads\\pdf\\a63ae1e0-d4ca-4e26-ad53-e71698009cb6_Hoàng Tử Bé - Antoine de Saint-Exupéry.pdf',10),(351,'Jerome David Salinger',NULL,'AVAILABLE','Bắt Trẻ Đồng Xanh',3,'VHTT','nxbvn','https://res.cloudinary.com/dnfjtrg5p/image/upload/v1767194273/library/images/zzgi1q0ordjhckx283vw.png',3,0,'uploads\\pdf\\de35770f-b67a-459e-b66a-f97d18793cf2_Bắt Trẻ Đồng Xanh - Jerome David Salinger.pdf',10),(352,'Jerome David Salinger',NULL,'AVAILABLE','Bắt Trẻ Đồng Xanh',3,'VHTT','nxbvn','https://res.cloudinary.com/dnfjtrg5p/image/upload/v1767194278/library/images/fx8uiixmsuneoy5obsrc.png',3,0,'uploads\\pdf\\4e060b91-4a88-4c9b-af81-9be46fbe5a7f_Bắt Trẻ Đồng Xanh - Jerome David Salinger.pdf',10),(353,'Jerome David Salinger',NULL,'AVAILABLE','Bắt Trẻ Đồng Xanh',3,'VHTT','nxbvn','https://res.cloudinary.com/dnfjtrg5p/image/upload/v1767194281/library/images/rrluombsy0vvedqy4c7g.png',3,0,'uploads\\pdf\\1353ce36-0172-414a-b9d1-c193d3a0a48f_Bắt Trẻ Đồng Xanh - Jerome David Salinger.pdf',10),(354,'George Orwell',NULL,'AVAILABLE','Chuyện Ở Nông Trại',3,'VHTT','nxbvn','https://res.cloudinary.com/dnfjtrg5p/image/upload/v1767194360/library/images/a3ehyakk8lqyoykxbkks.png',3,0,'uploads\\pdf\\055cab51-b1d7-4327-a339-6a04edcf80d9_Chuyện Ở Nông Trại - George Orwell.pdf',10),(355,'George Orwell',NULL,'AVAILABLE','Chuyện Ở Nông Trại',3,'VHTT','nxbvn','https://res.cloudinary.com/dnfjtrg5p/image/upload/v1767194365/library/images/yxqvfpzpj1sgj4rud6fj.png',3,0,'uploads\\pdf\\daa65b8f-b5b4-4875-8218-d5922c05bb79_Chuyện Ở Nông Trại - George Orwell.pdf',10),(356,'George Orwell',NULL,'AVAILABLE','Chuyện Ở Nông Trại',3,'VHTT','nxbvn','https://res.cloudinary.com/dnfjtrg5p/image/upload/v1767194369/library/images/p9dja2r26wzkdpcx4rkw.png',3,0,'uploads\\pdf\\e7a1e7ca-830c-4df9-a864-0959d4c5a460_Chuyện Ở Nông Trại - George Orwell.pdf',10);
/*!40000 ALTER TABLE `book` ENABLE KEYS */;
UNLOCK TABLES;

--
-- Table structure for table `category`
--

DROP TABLE IF EXISTS `category`;
/*!40101 SET @saved_cs_client     = @@character_set_client */;
/*!50503 SET character_set_client = utf8mb4 */;
CREATE TABLE `category` (
  `category_id` varchar(255) NOT NULL,
  `category_name` varchar(255) DEFAULT NULL,
  `description` varchar(255) DEFAULT NULL,
  PRIMARY KEY (`category_id`)
) ENGINE=InnoDB DEFAULT CHARSET=utf8mb4 COLLATE=utf8mb4_0900_ai_ci;
/*!40101 SET character_set_client = @saved_cs_client */;

--
-- Dumping data for table `category`
--

LOCK TABLES `category` WRITE;
/*!40000 ALTER TABLE `category` DISABLE KEYS */;
INSERT INTO `category` VALUES ('KHCN','Khoa học - Công nghệ',NULL),('KTCT','Kinh tế - Chính trị',NULL),('LSVH','Lịch sử - Văn hoá',NULL),('PTBT','Phát triển bản thân',NULL),('TH','Triết học',NULL),('TLH','Tâm lý học',NULL),('VHTT','Văn học - Tiểu thuyết',NULL);
/*!40000 ALTER TABLE `category` ENABLE KEYS */;
UNLOCK TABLES;

--
-- Table structure for table `evaluate`
--

DROP TABLE IF EXISTS `evaluate`;
/*!40101 SET @saved_cs_client     = @@character_set_client */;
/*!50503 SET character_set_client = utf8mb4 */;
CREATE TABLE `evaluate` (
  `evaluate_id` int NOT NULL AUTO_INCREMENT,
  `comment` varchar(255) DEFAULT NULL,
  `evaluate_day` date DEFAULT NULL,
  `rating` int DEFAULT NULL,
  `user_id` int DEFAULT NULL,
  `book_id` int DEFAULT NULL,
  PRIMARY KEY (`evaluate_id`),
  KEY `FK66iuv7jj1ulul80xb8o8r4x73` (`user_id`),
  KEY `FKk2w5otj1n8okkv4cpuj8ea3to` (`book_id`),
  CONSTRAINT `FK66iuv7jj1ulul80xb8o8r4x73` FOREIGN KEY (`user_id`) REFERENCES `user` (`user_id`),
  CONSTRAINT `FKk2w5otj1n8okkv4cpuj8ea3to` FOREIGN KEY (`book_id`) REFERENCES `book` (`book_id`)
) ENGINE=InnoDB AUTO_INCREMENT=77 DEFAULT CHARSET=utf8mb4 COLLATE=utf8mb4_0900_ai_ci;
/*!40101 SET character_set_client = @saved_cs_client */;

--
-- Dumping data for table `evaluate`
--

LOCK TABLES `evaluate` WRITE;
/*!40000 ALTER TABLE `evaluate` DISABLE KEYS */;
INSERT INTO `evaluate` VALUES (29,'Sách hay, tái hiện khái quát nhất các cuộc khởi nghĩa','2026-01-02',5,12,294),(30,'Đọc hay, các bạn trẻ nên đọc và thấu hiểu được giá trị của tuổi trẻ','2026-01-02',5,16,237),(31,'Câu chuyện cổ tích giản dị nhưng sâu sắc, chứa đựng nhiều triết lý huyền bí của phương Đông','2026-01-02',5,12,339),(32,'Một kiệt tác với thông điệp sâu sắc và lối viết đặc trưng của Hemingway','2026-01-03',5,16,336),(33,'Sách hay, giúp nhìn thế giới qua một lăng kính khác','2026-01-03',4,17,315),(34,'Sách có nội dung sâu sắc và ý nghĩa nhân văn lớn lao','2026-01-03',4,18,255),(35,'Cuốn sách rất hay, một kiệt tác về lòng kiên trì','2026-01-03',5,19,337),(36,'Triết lý kinh doanh khá độc đáo','2026-01-03',3,20,279),(37,'Sách cho thấy có thấy khả năng làm lay chuyển ngành y học hiện đại, biến đổi cuộc sống của nhiều người','2026-01-03',4,21,228),(38,'Sách rất đáng đọc, truyền cảm hứng và động lực qua sức mạnh của ước mơ','2026-01-03',5,22,216),(39,'Chứa nhiều bài học sâu sắc về tình yêu, tình bạn và ý nghĩa cuộc sống','2026-01-03',5,23,348),(40,'Câu chuyện ý nghĩa, ngôn từ giàu cảm xúc, truyền tải triết lý cuộc sống theo cách tinh tế','2026-01-03',4,12,349),(41,'Rất hay, tập hợp những câu chuyện ngắn, ý nghĩa về cuộc sống , lấy cảm hứng từ những điều bình dị xung quanh chúng ta','2026-01-04',5,12,246),(42,'Có thông điệp tin vào trực giác và những giấc mơ','2026-01-04',5,16,340),(43,'Mỗi câu chuyện đều mang một thông điệp sâu sắc về tình yêu thương, lòng nhân ái','2026-01-04',4,16,246),(44,'Cuốn sách khuyến khích người đọc vượt qua những rào cản tự đặt ra và sống một cuộc đời trọn vẹn','2026-01-04',5,19,216),(45,'Sách là một công trình táo bạo và thách thức nhiều quan điểm đã tồn tại từ lâu về rủi ro và phần thưởng','2026-01-04',4,19,267),(46,'Khá nhiều sự thú vị về cách con người suy nghĩ và hành động','2026-01-04',4,20,222),(47,'Cuốn sách phá vỡ mọi định kiến khoa học vũ trụ là khô khan và xa vời, sách rất hay mọi người nên đọc','2026-01-04',5,21,333),(48,'Sách có rất nhiều khoảnh khắc vô cùng ý nghĩa và cảm động','2026-01-04',5,21,213),(49,'Đã giúp tôi hiểu về khám phá ước mơ và tìm kiếm ý nghĩa cuộc sống','2026-01-04',4,22,339),(50,'Đọc để hiểu rõ hơn về vũ trụ, thế giới xung quanh ta, rất đáng đọc','2026-01-04',4,23,334),(51,'Có tính giáo dục cao, giúp người đọc nhận thức rõ ràng hơn về bản thân và thế giới xung quanh','2026-01-04',5,23,270),(52,'Cuốn sách giúp người đọc tìm thấy sự bình yên trong tâm hồn và lòng tin yêu cuộc sống','2026-01-05',5,12,207),(53,'Một bức biếm hoạ sâu cay về Liên Bang Xô Viết, rất đáng đọc cho mọi người','2026-01-05',4,12,354),(54,'Xứng đáng là một bản hùng ca về quá trình dựng nước và giữ nước của dân tộc Việt Nam','2026-01-05',5,12,312),(55,'Nhận thức rõ hơn về những ranh giới giữa việc mua bán và những giá trị không thể mua được','2026-01-05',4,16,288),(56,'Khá hay, hiểu rõ tâm lý con người hơn','2026-01-05',4,17,210),(57,'Nên đọc, phân tính dễ hiểu','2026-01-05',3,17,223),(58,'Rất nên đọc, làm chúng ta trân trọng những gì mình đang có','2026-01-05',5,18,246),(59,'Cuốn tiểu thuyết quá hay, chia đoạn ngắn dễ đọc','2026-01-05',5,18,340),(60,'Kho tàng văn hoá dân gian rất hay','2026-01-05',5,19,297),(61,'Phải thực sự yêu thích vật lý thiên văn sẽ thấy cuốn sách này rất hay','2026-01-05',4,20,335),(62,'Khá nhiều kinh nghiệm kinh doanh tốt, đáng học hỏi','2026-01-05',4,20,282),(63,'Hiểu được cách sống tối giản, loại bỏ nhiều điều không cần thiết','2026-01-05',5,21,240),(64,'Bạn trẻ nên đọc để không lãng phí tuổi trẻ, sống hết mình hơn','2026-01-05',4,21,237),(65,'Khái quát lịch sử Việt Nam, đặc biệt dễ đọc cho những ai không chuyên lịch sử','2026-01-05',5,22,294),(66,'Sách đọc được, truyền cảm hứng sống tốt','2026-01-05',4,23,238),(67,'Hiểu được cách sống của người Nhật hơn, đáng học hỏi','2026-01-05',5,23,241),(68,'Điểm sáng của cuốn sách là biết điều gì quan trọng với mình','2026-01-06',5,12,242),(69,'Sách hay, chỉ rõ được người cha có ảnh hưởng như thế nào tới trẻ nhỏ','2026-01-06',4,16,213),(70,'Ngòi bút giản dị nhưng khá sâu sắc','2026-01-06',4,17,338),(71,'Cuốn sách về lịch sử Việt Nam khá hay và đầy đủ','2026-01-06',4,17,295),(72,'Sách hay, nên đọc','2026-01-06',5,18,336),(73,'Những câu chuyện trong sách đa dạng, văn phong hài hước, ấn chứa triết lý sâu sắc','2026-01-06',4,20,270),(74,'Hay','2026-01-07',5,12,276),(75,'Hay','2026-01-09',4,12,216),(76,'Sách hay, Gieo vần đơn giản','2026-01-11',4,12,297);
/*!40000 ALTER TABLE `evaluate` ENABLE KEYS */;
UNLOCK TABLES;

--
-- Table structure for table `loan`
--

DROP TABLE IF EXISTS `loan`;
/*!40101 SET @saved_cs_client     = @@character_set_client */;
/*!50503 SET character_set_client = utf8mb4 */;
CREATE TABLE `loan` (
  `loan_id` int NOT NULL,
  `borrow_day` date DEFAULT NULL,
  `due_day` date DEFAULT NULL,
  `book_id` int DEFAULT NULL,
  `user_id` int DEFAULT NULL,
  `borrow_status` varchar(255) DEFAULT NULL,
  `extend_count` int DEFAULT NULL,
  `returned_day` date DEFAULT NULL,
  `borrow_days` int DEFAULT NULL,
  `title` varchar(255) DEFAULT NULL,
  PRIMARY KEY (`loan_id`),
  KEY `FKlkjea7ch7agpq7254ntvgmygd` (`user_id`),
  KEY `FKfqcv3wx35rs2hhp3smgvx66wi` (`book_id`),
  CONSTRAINT `FKfqcv3wx35rs2hhp3smgvx66wi` FOREIGN KEY (`book_id`) REFERENCES `book` (`book_id`),
  CONSTRAINT `FKlkjea7ch7agpq7254ntvgmygd` FOREIGN KEY (`user_id`) REFERENCES `user` (`user_id`)
) ENGINE=InnoDB DEFAULT CHARSET=utf8mb4 COLLATE=utf8mb4_0900_ai_ci;
/*!40101 SET character_set_client = @saved_cs_client */;

--
-- Dumping data for table `loan`
--

LOCK TABLES `loan` WRITE;
/*!40000 ALTER TABLE `loan` DISABLE KEYS */;
INSERT INTO `loan` VALUES (140,'2025-12-31','2026-01-07',339,12,'RETURNED',0,'2026-01-02',7,'Nhà Giả Kim'),(141,'2025-12-31','2026-01-07',246,12,'RETURNED',0,'2026-01-03',7,'Bài Học Vô Giá Từ Những Điều Bình Dị'),(142,'2025-12-31','2026-01-07',294,12,'RETURNED',0,'2026-01-01',7,'Các Cuộc Khởi Nghĩa Tiêu Biểu Chống Xâm Lược Ở Việt Nam'),(143,'2026-01-01','2026-01-06',237,16,'RETURNED',0,'2026-01-01',5,'Tuổi Trẻ Đáng Giá Bao Nhiêu'),(144,NULL,NULL,NULL,12,'CANCELLED',0,NULL,7,'Trí Tuệ Loài Rùa'),(145,'2026-01-01','2026-01-06',336,16,'RETURNED',0,'2026-01-03',5,'Ông Già và Biển Cả'),(146,'2026-01-01','2026-01-07',315,17,'RETURNED',0,'2026-01-03',6,'6 Phát Minh Làm Nên Thời Đại'),(147,'2026-01-02','2026-01-09',255,18,'RETURNED',0,'2026-01-03',7,'Trốn Thoát Tự Do'),(148,'2026-01-02','2026-01-07',279,20,'RETURNED',0,'2026-01-03',5,'Kinh Doanh Nhỏ Thu Lợi Lớn'),(149,'2026-01-02','2026-01-05',228,21,'RETURNED',0,'2026-01-03',3,'Ai Rồi Cũng Chết'),(150,'2026-01-02','2026-01-05',216,22,'RETURNED',0,'2026-01-03',3,'Dám Ước Mơ'),(151,'2026-01-02','2026-01-06',348,23,'RETURNED',0,'2026-01-03',4,'Hoàng Tử Bé'),(152,'2026-01-02','2026-01-06',337,19,'RETURNED',0,'2026-01-03',4,'Ông Già và Biển Cả'),(153,'2026-01-03','2026-01-10',349,12,'RETURNED',0,'2026-01-03',7,'Hoàng Tử Bé'),(154,'2026-01-03','2026-01-06',243,12,'RETURNED',0,'2026-01-04',3,'Để Có Trí Nhớ Tốt'),(155,'2026-01-03','2026-01-06',288,16,'RETURNED',0,'2026-01-05',3,'Tiền Không Mua Được Gì'),(156,'2026-01-03','2026-01-08',210,17,'RETURNED',0,'2026-01-05',5,'Các Học Thuyết Tâm Lý Nhân Cách'),(157,'2026-01-03','2026-01-07',303,18,'RETURNED',0,'2026-01-06',4,'Nguồn Gốc Các Loài'),(158,'2026-01-03','2026-01-09',231,19,'RETURNED',0,'2026-01-05',6,'7 Thói Quen Để Thành Đạt'),(159,'2026-01-03','2026-01-05',222,20,'RETURNED',0,'2026-01-04',2,'Logic Của Tâm Trí'),(160,'2026-01-03','2026-01-08',333,21,'RETURNED',0,'2026-01-04',5,'Lược Sử Thời Gian'),(161,'2026-01-03','2026-01-07',339,22,'RETURNED',0,'2026-01-04',4,'Nhà Giả Kim'),(162,'2026-01-03','2026-01-09',270,23,'RETURNED',0,'2026-01-04',6,'Cái Cười Của Thánh Nhân'),(163,'2026-01-03','2026-01-06',340,16,'RETURNED',0,'2026-01-04',3,'Nhà Giả Kim'),(164,'2026-01-03','2026-01-08',246,16,'RETURNED',0,'2026-01-04',5,'Bài Học Vô Giá Từ Những Điều Bình Dị'),(165,'2026-01-03','2026-01-08',213,21,'RETURNED',0,'2026-01-04',5,'Cùng Con Trưởng Thành'),(166,'2026-01-03','2026-01-07',240,21,'RETURNED',0,'2026-01-05',4,'Lối Sống Tối Giản Của Người Nhật'),(167,'2026-01-03','2026-01-09',216,19,'RETURNED',0,'2026-01-04',6,'Dám Ước Mơ'),(168,'2026-01-03','2026-01-06',267,19,'RETURNED',0,'2026-01-04',3,'Da Thịt Trong Cuộc Chơi'),(169,'2026-01-03','2026-01-10',334,23,'RETURNED',0,'2026-01-04',7,'Lược Sử Thời Gian'),(170,'2026-01-03','2026-01-05',228,23,'RETURNED',0,'2026-01-06',2,'Ai Rồi Cũng Chết'),(171,'2026-01-04','2026-01-06',207,12,'RETURNED',0,'2026-01-05',2,'Trí Tuệ Loài Rùa'),(172,'2026-01-04','2026-01-07',354,12,'RETURNED',0,'2026-01-05',3,'Chuyện Ở Nông Trại'),(173,'2026-01-04','2026-01-09',318,12,'RETURNED',0,'2026-01-04',5,'7 Bài Học Hay Nhất Về Vật Lý'),(174,'2026-01-04','2026-01-11',276,12,'RETURNED',0,'2026-01-06',7,'Định Mệnh Chiến Tranh'),(175,'2026-01-04','2026-01-11',312,12,'RETURNED',0,'2026-01-05',7,'Việt Nam Một Thiên Lịch Sử'),(176,'2026-01-04','2026-01-10',342,16,'RETURNED',0,'2026-01-05',6,'Những Cuộc Săn Người'),(177,'2026-01-04','2026-01-11',225,17,'RETURNED',0,'2026-01-05',7,'Thăm Dò Tiềm Thức'),(178,'2026-01-04','2026-01-09',300,17,'RETURNED',0,'2026-01-10',5,'Nghiên Cứu Lịch Sử Nhân Loại'),(179,'2026-01-04','2026-01-07',223,17,'RETURNED',0,'2026-01-05',3,'Logic Của Tâm Trí'),(180,'2026-01-04','2026-01-10',246,18,'RETURNED',0,'2026-01-05',6,'Bài Học Vô Giá Từ Những Điều Bình Dị'),(181,'2026-01-04','2026-01-09',340,18,'RETURNED',0,'2026-01-05',5,'Nhà Giả Kim'),(182,'2026-01-04','2026-01-07',336,18,'RETURNED',0,'2026-01-05',3,'Ông Già và Biển Cả'),(183,'2026-01-04','2026-01-10',337,19,'RETURNED',0,'2026-01-05',6,'Ông Già và Biển Cả'),(184,'2026-01-04','2026-01-11',297,19,'RETURNED',0,'2026-01-05',7,'Đồng Dao Việt Nam'),(185,'2026-01-04','2026-01-13',282,20,'RETURNED',0,'2026-01-05',9,'Kinh Nghiệm Thành Công Của Ông Chủ Nhỏ'),(186,'2026-01-04','2026-01-14',335,20,'RETURNED',0,'2026-01-05',10,'Lược Sử Thời Gian'),(187,'2026-01-04','2026-01-11',345,20,'RETURNED',0,'2026-01-06',7,'Người Truyền Ký Ức'),(188,'2026-01-04','2026-01-14',351,21,'RETURNED',0,'2026-01-10',10,'Bắt Trẻ Đồng Xanh'),(189,'2026-01-04','2026-01-12',237,21,'RETURNED',0,'2026-01-05',8,'Tuổi Trẻ Đáng Giá Bao Nhiêu'),(190,'2026-01-04','2026-01-12',285,22,'OVERDUE',0,NULL,8,'Sự Thật Bi Hài Về Thế Giới Kinh Doanh'),(191,'2026-01-04','2026-01-10',294,22,'RETURNED',0,'2026-01-05',6,'Các Cuộc Khởi Nghĩa Tiêu Biểu Chống Xâm Lược Ở Việt Nam'),(192,'2026-01-04','2026-01-08',298,22,'RETURNED',0,'2026-01-05',4,'Đồng Dao Việt Nam'),(193,'2026-01-04','2026-01-14',283,23,'RETURNED',0,'2026-01-05',10,'Kinh Nghiệm Thành Công Của Ông Chủ Nhỏ'),(194,'2026-01-04','2026-01-13',238,23,'RETURNED',0,'2026-01-05',9,'Tuổi Trẻ Đáng Giá Bao Nhiêu'),(195,'2026-01-04','2026-01-10',241,23,'RETURNED',0,'2026-01-05',6,'Lối Sống Tối Giản Của Người Nhật'),(196,'2026-01-05','2026-01-14',242,12,'RETURNED',0,'2026-01-06',9,'Lối Sống Tối Giản Của Người Nhật'),(197,'2026-01-05','2026-01-13',321,12,'RETURNED',0,'2026-01-07',8,'Chuyển Đổi Lớn'),(198,'2026-01-05','2026-01-15',213,16,'RETURNED',0,'2026-01-06',10,'Cùng Con Trưởng Thành'),(199,'2026-01-05','2026-01-12',312,16,'RETURNED',0,'2026-01-10',7,'Việt Nam Một Thiên Lịch Sử'),(200,'2026-01-05','2026-01-08',338,17,'RETURNED',0,'2026-01-06',3,'Ông Già và Biển Cả'),(201,'2026-01-05','2026-01-12',295,17,'RETURNED',0,'2026-01-06',7,'Các Cuộc Khởi Nghĩa Tiêu Biểu Chống Xâm Lược Ở Việt Nam'),(202,'2026-01-05','2026-01-11',324,18,'RETURNED',0,'2026-01-10',6,'Dữ Liệu Lớn'),(203,'2026-01-05','2026-01-15',207,19,'RETURNED',0,'2026-01-06',10,'Trí Tuệ Loài Rùa'),(204,'2026-01-05','2026-01-09',273,19,'RETURNED',0,'2026-01-06',4,'Chính Trị Luận'),(205,'2026-01-05','2026-01-11',255,20,'OVERDUE',0,NULL,6,'Trốn Thoát Tự Do'),(206,'2026-01-05','2026-01-10',270,20,'RETURNED',0,'2026-01-06',5,'Cái Cười Của Thánh Nhân'),(207,'2026-01-05','2026-01-14',216,21,'RETURNED',0,'2026-01-06',9,'Dám Ước Mơ'),(208,'2026-01-05','2026-01-11',354,21,'RETURNED',0,'2026-01-10',6,'Chuyện Ở Nông Trại'),(209,'2026-01-05','2026-01-06',249,22,'RETURNED',0,'2026-01-13',1,'Hãy Là Chính Mình'),(210,'2026-01-05','2026-01-14',327,22,'RETURNED',0,'2026-01-13',9,'Khoa Học Nghịch Lý'),(211,'2026-01-05','2026-01-15',315,23,'RETURNED',0,'2026-01-06',10,'6 Phát Minh Làm Nên Thời Đại'),(212,'2026-01-05','2026-01-10',330,23,'RETURNED',0,'2026-01-10',5,'Khoa Học Với Những Giấc Mơ'),(213,'2026-01-06','2026-01-16',297,12,'RETURNED',0,'2026-01-07',10,'Đồng Dao Việt Nam'),(214,'2026-01-06','2026-01-16',246,16,'RETURNED',0,'2026-01-07',10,'Bài Học Vô Giá Từ Những Điều Bình Dị'),(215,'2026-01-06','2026-01-11',258,17,'RETURNED',0,'2026-01-07',5,'Tư Bản Luận Tập 1'),(216,'2026-01-06','2026-01-11',252,18,'RETURNED',0,'2026-01-10',5,'Trang Tử Tâm Đắc'),(217,'2026-01-06','2026-01-16',298,19,'RETURNED',0,'2026-01-10',10,'Đồng Dao Việt Nam'),(218,'2026-01-06','2026-01-09',346,20,'OVERDUE',0,NULL,3,'Người Truyền Ký Ức'),(219,'2026-01-06','2026-01-12',240,21,'RETURNED',0,'2026-01-10',6,'Lối Sống Tối Giản Của Người Nhật'),(220,'2026-01-06','2026-01-13',306,22,'RETURNED',0,'2026-01-13',7,'Nguồn Gốc Văn Minh'),(221,'2026-01-07','2026-01-18',336,12,'ACTIVE',2,NULL,7,'Ông Già và Biển Cả'),(222,NULL,NULL,NULL,12,'CANCELLED',0,NULL,2,'Trí Tuệ Loài Rùa'),(223,NULL,NULL,NULL,12,'CANCELLED',0,NULL,7,'Da Thịt Trong Cuộc Chơi'),(224,NULL,NULL,NULL,12,'CANCELLED',0,NULL,7,'7 Bài Học Hay Nhất Về Vật Lý'),(225,NULL,NULL,NULL,12,'CANCELLED',0,NULL,7,'6 Phát Minh Làm Nên Thời Đại'),(226,NULL,NULL,NULL,12,'CANCELLED',0,NULL,7,'Người Truyền Ký Ức'),(227,'2026-01-07','2026-01-17',207,12,'RETURNED',1,'2026-01-12',7,'Trí Tuệ Loài Rùa'),(228,'2026-01-07','2026-01-17',348,16,'RETURNED',0,'2026-01-10',10,'Hoàng Tử Bé'),(229,'2026-01-07','2026-01-14',216,12,'RETURNED',0,'2026-01-09',7,'Dám Ước Mơ'),(230,'2026-01-07','2026-01-12',237,17,'RETURNED',0,'2026-01-10',5,'Tuổi Trẻ Đáng Giá Bao Nhiêu'),(231,'2026-01-09','2026-01-16',315,12,'RETURNED',0,'2026-01-11',7,'6 Phát Minh Làm Nên Thời Đại'),(232,'2026-01-11','2026-01-21',339,12,'RETURNED',0,'2026-01-14',10,'Nhà Giả Kim'),(233,NULL,NULL,NULL,12,'REJECTED',0,NULL,7,'Đồng Dao Việt Nam'),(234,NULL,NULL,NULL,12,'CANCELLED',0,NULL,7,'Chuyển Đổi Lớn'),(235,'2026-01-12','2026-01-19',324,12,'RETURNED',0,'2026-01-13',7,'Dữ Liệu Lớn'),(236,'2026-01-13','2026-01-22',312,12,'ACTIVE',1,NULL,7,'Việt Nam Một Thiên Lịch Sử'),(237,'2026-01-14','2026-01-22',333,12,'ACTIVE',1,NULL,7,'Lược Sử Thời Gian'),(238,NULL,NULL,NULL,12,'PENDING_APPROVE',0,NULL,7,'Trí Tuệ Loài Rùa');
/*!40000 ALTER TABLE `loan` ENABLE KEYS */;
UNLOCK TABLES;

--
-- Table structure for table `payment`
--

DROP TABLE IF EXISTS `payment`;
/*!40101 SET @saved_cs_client     = @@character_set_client */;
/*!50503 SET character_set_client = utf8mb4 */;
CREATE TABLE `payment` (
  `payment_id` bigint NOT NULL AUTO_INCREMENT,
  PRIMARY KEY (`payment_id`)
) ENGINE=InnoDB DEFAULT CHARSET=utf8mb4 COLLATE=utf8mb4_0900_ai_ci;
/*!40101 SET character_set_client = @saved_cs_client */;

--
-- Dumping data for table `payment`
--

LOCK TABLES `payment` WRITE;
/*!40000 ALTER TABLE `payment` DISABLE KEYS */;
/*!40000 ALTER TABLE `payment` ENABLE KEYS */;
UNLOCK TABLES;

--
-- Table structure for table `publisher`
--

DROP TABLE IF EXISTS `publisher`;
/*!40101 SET @saved_cs_client     = @@character_set_client */;
/*!50503 SET character_set_client = utf8mb4 */;
CREATE TABLE `publisher` (
  `publisher_id` varchar(255) NOT NULL,
  `address` varchar(255) DEFAULT NULL,
  `contact` varchar(255) DEFAULT NULL,
  `publisher_name` varchar(255) DEFAULT NULL,
  PRIMARY KEY (`publisher_id`)
) ENGINE=InnoDB DEFAULT CHARSET=utf8mb4 COLLATE=utf8mb4_0900_ai_ci;
/*!40101 SET character_set_client = @saved_cs_client */;

--
-- Dumping data for table `publisher`
--

LOCK TABLES `publisher` WRITE;
/*!40000 ALTER TABLE `publisher` DISABLE KEYS */;
INSERT INTO `publisher` VALUES ('nxbdn',NULL,NULL,'NXB Đồng Nai'),('nxbhn',NULL,NULL,'NXB Hà Nội'),('nxbkd',NULL,NULL,'NXB Kim Đồng'),('nxbkhxh',NULL,NULL,'NXB Khoa học xã hội'),('nxbldxh',NULL,NULL,'NXB Lao động xã hội'),('nxbpn',NULL,NULL,'NXB Phụ Nữ'),('nxbqg',NULL,NULL,'NXB Quốc Gia'),('nxbtd',NULL,NULL,'NXB Thời Đại'),('nxbtg',NULL,NULL,'NXB Thế Giới'),('nxbth',NULL,NULL,'NXB Tổng hợp'),('nxbtn',NULL,NULL,'NXB Thanh niên'),('nxbtre',NULL,NULL,'NXB Trẻ'),('nxbtt',NULL,NULL,'NXB Tri Thức'),('nxbtttt',NULL,NULL,'NXB Thông tin và Truyền thông'),('nxbvh',NULL,NULL,'NXB Văn Hoá'),('nxbvhtt',NULL,NULL,'NXB Văn hoá thông tin'),('nxbvn',NULL,NULL,'NXB Văn Học');
/*!40000 ALTER TABLE `publisher` ENABLE KEYS */;
UNLOCK TABLES;

--
-- Table structure for table `reading`
--

DROP TABLE IF EXISTS `reading`;
/*!40101 SET @saved_cs_client     = @@character_set_client */;
/*!50503 SET character_set_client = utf8mb4 */;
CREATE TABLE `reading` (
  `reading_id` int NOT NULL AUTO_INCREMENT,
  `book_id` int DEFAULT NULL,
  `user_id` int DEFAULT NULL,
  `last_day` date DEFAULT NULL,
  `page` int DEFAULT NULL,
  PRIMARY KEY (`reading_id`),
  KEY `FKaenuvfadrqfdgigl8ciep2x3l` (`book_id`),
  KEY `FKmwxt8qe38hdatpxq0ljxfg2nq` (`user_id`),
  CONSTRAINT `FKaenuvfadrqfdgigl8ciep2x3l` FOREIGN KEY (`book_id`) REFERENCES `book` (`book_id`),
  CONSTRAINT `FKmwxt8qe38hdatpxq0ljxfg2nq` FOREIGN KEY (`user_id`) REFERENCES `user` (`user_id`)
) ENGINE=InnoDB AUTO_INCREMENT=24 DEFAULT CHARSET=utf8mb4 COLLATE=utf8mb4_0900_ai_ci;
/*!40101 SET character_set_client = @saved_cs_client */;

--
-- Dumping data for table `reading`
--

LOCK TABLES `reading` WRITE;
/*!40000 ALTER TABLE `reading` DISABLE KEYS */;
INSERT INTO `reading` VALUES (20,267,18,'2026-01-04',2),(21,237,12,'2026-01-14',8),(22,210,12,'2026-01-10',6),(23,207,12,'2026-01-09',2);
/*!40000 ALTER TABLE `reading` ENABLE KEYS */;
UNLOCK TABLES;

--
-- Table structure for table `user`
--

DROP TABLE IF EXISTS `user`;
/*!40101 SET @saved_cs_client     = @@character_set_client */;
/*!50503 SET character_set_client = utf8mb4 */;
CREATE TABLE `user` (
  `user_id` int NOT NULL AUTO_INCREMENT,
  `email` varchar(255) DEFAULT NULL,
  `password` varchar(255) DEFAULT NULL,
  `role` varchar(255) DEFAULT NULL,
  `status` varchar(255) DEFAULT NULL,
  `username` varchar(255) DEFAULT NULL,
  `full_name` varchar(255) DEFAULT NULL,
  `book_borrowing` int DEFAULT '0',
  `cid` varchar(255) DEFAULT NULL,
  `phone_number` varchar(255) DEFAULT NULL,
  `address` varchar(255) DEFAULT NULL,
  `ban_util` date DEFAULT NULL,
  PRIMARY KEY (`user_id`)
) ENGINE=InnoDB AUTO_INCREMENT=24 DEFAULT CHARSET=utf8mb4 COLLATE=utf8mb4_0900_ai_ci;
/*!40101 SET character_set_client = @saved_cs_client */;

--
-- Dumping data for table `user`
--

LOCK TABLES `user` WRITE;
/*!40000 ALTER TABLE `user` DISABLE KEYS */;
INSERT INTO `user` VALUES (1,'admin@gmail.com','$2a$10$n0CLFjoxTvd54RPfnn2AT.uev7ZXdakoW7VyfPbfWrghRBJv69nyi','ADMIN','MANAGER','admin',NULL,0,NULL,NULL,NULL,NULL),(12,'ducdam@gmail.com','$2a$10$A64X03ozOdAH/mN6ZPqnWuaFSqASXQdKL.CpzzlJCjVdlzhVxEesG','USER','BORROWING','ducdam','Đàm Đức',3,'034203014056','0889326357','Thái Bình',NULL),(16,'ngoclinh@gmail.com','$2a$10$We7VTpcxZ65DghGdwr8n3.XYpVGPQonsQRjM0qEkViOiWhI3QMggy','USER','ACTIVE','ngoclinh','Vũ Ngọc Linh',0,'034203034013','0867344293','TP Hồ Chí Minh',NULL),(17,'hahuy@gmail.com','$2a$10$SKiSMvLyMcuAmVpfrY12S.ym3HRU.Ub0SsMd45B7lHFn7.SzJA00m','USER','ACTIVE','hahuy','Hà Quang Huy',0,'034203013014','0365779825','Nam Định',NULL),(18,'quoctuan@gmail.com','$2a$10$Af9DFZwxSGvrglMi4TbUhubHlgddnVlvIoMc42EqhRk6wqdKQvb3i','USER','ACTIVE','quoctuan','Nguyễn Quốc Tuấn',0,'034203023324','0343203389','Cần Thơ',NULL),(19,'thuthuy@gmail.com','$2a$10$rLsolwe1qsf3ZmRhDmrBfO4DtteRXMSwmrMbmp94yzdwkY.BEY0Fa','USER','ACTIVE','thuthuy','Trần Thu Thuỷ',0,'034203023055','0869932035','Đà Nẵng',NULL),(20,'manhhung@gmail.com','$2a$10$QMH03FfowNnx98ei./xGsuugDYiAHE924MXhFx6RTvG3zuur6IcH6','USER','BANNED','manhhung','Phạm Mạnh Hùng',2,'034203019033','0837699846','Nghệ An','2026-01-20'),(21,'tuyetlan@gmail.com','$2a$10$l.zb4GvShS7W.FbMAN5HCuW2SkJkVp4L7d19fjrO.fYLUUP6PYVYK','USER','ACTIVE','tuyetlan','Lê Tuyết Lan',0,'034203024553','0323604589','Tuyên Quang',NULL),(22,'viethoang@gmail.com','$2a$10$0aIhtbypIZsIYnoEm/WSQu/qzdEHwJ.zsktk5FLP8JSIjRh8ntDza','USER','BANNED','viethoang','Vũ Việt Hoàng',1,'034203019942','0342986368','Đồng Nai','2026-01-17'),(23,'anhthu@gmail.com','$2a$10$4RF1/B4k8iiBq7sUSZOc0uP3i50Eu/lcqdseBfBCuKktygN4kzYQO','USER','ACTIVE','anhthu','Phạm Anh Thư',0,'034203022468','0823840496','Phú Thọ',NULL);
/*!40000 ALTER TABLE `user` ENABLE KEYS */;
UNLOCK TABLES;

--
-- Table structure for table `wishlist`
--

DROP TABLE IF EXISTS `wishlist`;
/*!40101 SET @saved_cs_client     = @@character_set_client */;
/*!50503 SET character_set_client = utf8mb4 */;
CREATE TABLE `wishlist` (
  `wishlist_id` int NOT NULL AUTO_INCREMENT,
  `created_at` date DEFAULT NULL,
  `book_id` int DEFAULT NULL,
  `user_id` int DEFAULT NULL,
  PRIMARY KEY (`wishlist_id`),
  KEY `FKn3kuj6f4dkrqn4n88x1f65tn8` (`book_id`),
  KEY `FKjp84nl5c0wbdjo41m7q634bb4` (`user_id`),
  CONSTRAINT `FKjp84nl5c0wbdjo41m7q634bb4` FOREIGN KEY (`user_id`) REFERENCES `user` (`user_id`),
  CONSTRAINT `FKn3kuj6f4dkrqn4n88x1f65tn8` FOREIGN KEY (`book_id`) REFERENCES `book` (`book_id`)
) ENGINE=InnoDB AUTO_INCREMENT=53 DEFAULT CHARSET=utf8mb4 COLLATE=utf8mb4_0900_ai_ci;
/*!40101 SET character_set_client = @saved_cs_client */;

--
-- Dumping data for table `wishlist`
--

LOCK TABLES `wishlist` WRITE;
/*!40000 ALTER TABLE `wishlist` DISABLE KEYS */;
INSERT INTO `wishlist` VALUES (41,'2026-01-04',213,18),(47,'2026-01-07',294,17),(48,'2026-01-07',216,17),(50,'2026-01-10',216,12),(52,'2026-01-10',339,12);
/*!40000 ALTER TABLE `wishlist` ENABLE KEYS */;
UNLOCK TABLES;
/*!40103 SET TIME_ZONE=@OLD_TIME_ZONE */;

/*!40101 SET SQL_MODE=@OLD_SQL_MODE */;
/*!40014 SET FOREIGN_KEY_CHECKS=@OLD_FOREIGN_KEY_CHECKS */;
/*!40014 SET UNIQUE_CHECKS=@OLD_UNIQUE_CHECKS */;
/*!40101 SET CHARACTER_SET_CLIENT=@OLD_CHARACTER_SET_CLIENT */;
/*!40101 SET CHARACTER_SET_RESULTS=@OLD_CHARACTER_SET_RESULTS */;
/*!40101 SET COLLATION_CONNECTION=@OLD_COLLATION_CONNECTION */;
/*!40111 SET SQL_NOTES=@OLD_SQL_NOTES */;

-- Dump completed on 2026-01-14 22:27:36
